Workbook

Sheet 作品一覧
A1: 作品ID | B1: 作品名 | C1: 読み仮名
A2: aknk | B2: 悪魔執事と黒い猫 | C2: あ
A3: i7 | B3: アイドリッシュセブン | C3: あ
A4: enst | B4: あんさんぶるスターズ！！ | C4: あ
A5: aopl | B5: アオペラ -aoppella!?- | C5: あ
A6: aichu | B6: アイ★チュウ | C6: あ
A7: sM | B7: アイドルマスター SideM | C7: あ
A8: ACTORS | B8: ACTORS | C8: あ
A9: akay | B9: 悪魔王子と操り人形 | C9: あ
A10: and0 | B10: &0 | C10: あ
A11: anmn | B11: アンジェリーク ルミナライズ | C11: あ
A12: ikesen | B12: イケメン戦国 時をかける恋 | C12: い
... A92: rikm | B92: ライドカメンズ | C92: ら

Sheet 声優一覧
A1: 声優ID | B1: 声優名 | C1: 声優一覧に表示 | D1: 定番声優に表示 | E1: 出演作品数 | F1: 代表作 | G1: サンプルボイスURL | H1: 表記
A2: ="va_" & TEXT(ROW(A1), "000") -> va_001 | B2: 赤澤燈 | C2: F | D2: =IF(E2="", "", IF(E2>=3, "表示", "非表示")) -> 非表示 | E2: =IFERROR(__xludf.DUMMYFUNCTION("MAP(B2:B1000, LAMBDA(name, IF(name="""", """", COUNTA(UNIQUE(FILTER('キャラクター名'!C:C, 'キャラクター名'!B:B=name)))))) "),1) -> 1
A3: ="va_" & TEXT(ROW(A2), "000") -> va_002 | B3: 赤羽根健治 | C3: T | D3: =IF(E3="", "", IF(E3>=3, "表示", "非表示")) -> 表示 | E3: =IFERROR(__xludf.DUMMYFUNCTION("""COMPUTED_VALUE"""),5) -> 5 | F3: • 『真マジンガー 衝撃! Z編』：兜甲児 • 『THE IDOLM@STER』：プロデューサー • 『ジュエルペット てぃんくる☆』：レオン • 『宇崎ちゃんは遊びたい！』：桜井真一 • 『世界最高の暗殺者、異世界貴族に転生する』：ルーグ | G3: https://www.aoni.co.jp/search/akabane-kenji.html | H3: Voice Sample
A4: ="va_" & TEXT(ROW(A3), "000") -> va_003 | B4: 阿座上洋平 | C4: T | D4: =IF(E4="", "", IF(E4>=3, "表示", "非表示")) -> 表示 | E4: =IFERROR(__xludf.DUMMYFUNCTION("""COMPUTED_VALUE"""),11) -> 11 | F4: • 『機動戦士ガンダム 水星の魔女』：グエル・ジェターク • 『あんさんぶるスターズ！！』：天城燐音 • 『クロムクロ』：青馬剣之介時貞 • 『鴨乃橋ロンの禁断推理』：鴨乃橋ロン | G4: https://www.aoni.co.jp/search/azakami-yohei.html | H4: Voice Sample
A5: ="va_" & TEXT(ROW(A4), "000") -> va_004 | B5: 浅沼晋太郎 | C5: T | D5: =IF(E5="", "", IF(E5>=3, "表示", "非表示")) -> 表示 | E5: =IFERROR(__xludf.DUMMYFUNCTION("""COMPUTED_VALUE"""),10) -> 10 | F5: • 『ヒプノシスマイク』：碧棺左馬刻 • 『あんさんぶるスターズ！』：月永レオ • 『生徒会役員共』：津田タカトシ • 『ダイヤのA』：倉持洋一 • 『ギヴン』：村田雨月
A6: ="va_" & TEXT(ROW(A5), "000") -> va_005 | B6: 浅利遼太 | C6: T | D6: =IF(E6="", "", IF(E6>=3, "表示", "非表示")) -> 非表示 | E6: =IFERROR(__xludf.DUMMYFUNCTION("""COMPUTED_VALUE"""),2) -> 2 | F6: • 『刀剣乱舞』：平野藤四郎／明石国行／ソハヤノツルキ • 『ワールドトリガー』：小荒井登 • 『D.Gray-man HALLOW』：アルマ＝カルマ • 『妖怪ウォッチ』：砂夫／土蜘蛛 • 『呪術廻戦』：新田新 | G6: https://www.kenproduction.co.jp/talent/3 | H6: セリフ
A7: ="va_" & TEXT(ROW(A6), "000") -> va_006 | B7: 阿部敦 | C7: T | D7: =IF(E7="", "", IF(E7>=3, "表示", "非表示")) -> 表示 | E7: =IFERROR(__xludf.DUMMYFUNCTION("""COMPUTED_VALUE"""),7) -> 7 | F7: • 『とある魔術の禁書目録』／『とある科学の超電磁砲』：上条当麻 • 『バクマン。』：真城最高 • 『アイドリッシュセブン』：逢坂壮五 • 『しゅごキャラ！』：相馬空海 • 『弱虫ペダル』：泉田塔一郎 | G7: https://www.kenproduction.co.jp/talent/249 | H7: セリフ
A8: ="va_" & TEXT(ROW(A7), "000") -> va_007 | B8: 天﨑滉平 | C8: T | D8: =IF(E8="", "", IF(E8>=3, "表示", "非表示")) -> 表示 | E8: =IFERROR(__xludf.DUMMYFUNCTION("""COMPUTED_VALUE"""),11) -> 11 | F8: • 『ヒプノシスマイク』：山田三郎 • 『Re:ゼロから始める異世界生活』：オットー・スーウェン • 『ハイスコアガール』：矢口春雄 • 『僕のヒーローアカデミア』：物間寧人 • 『あんさんぶるスターズ！！』：白鳥藍良 | G8: https://www.imenterprise.jp/profile.php?id=11 | H8: ボイスサンプル
A9: ="va_" & TEXT(ROW(A8), "000") -> va_008 | B9: 天月 | C9: F | D9: =IF(E9="", "", IF(E9>=3, "表示", "非表示")) -> 表示 | E9: =IFERROR(__xludf.DUMMYFUNCTION("""COMPUTED_VALUE"""),3) -> 3
A10: ="va_" & TEXT(ROW(A9), "000") -> va_009 | B10: 蒼井翔太 | C10: T | D10: =IF(E10="", "", IF(E10>=3, "表示", "非表示")) -> 表示 | E10: =IFERROR(__xludf.DUMMYFUNCTION("""COMPUTED_VALUE"""),17) -> 17 | F10: • 『うたの☆プリンスさまっ♪』：美風藍 • 『KING OF PRISM』：如月ルヰ • 『乙女ゲームの破滅フラグしかない悪役令嬢に転生してしまった…』：ジオルド・スティアート • 『ツキウタ。』：水無月涙 • 『ヴィジュアルプリズン』：ハイド・ジャイエ
A11: ="va_" & TEXT(ROW(A10), "000") -> va_010 | B11: 相葉裕樹 | C11: F | D11: =IF(E11="", "", IF(E11>=3, "表示", "非表示")) -> 非表示 | E11: =IFERROR(__xludf.DUMMYFUNCTION("""COMPUTED_VALUE"""),1) -> 1
A12: ="va_" & TEXT(ROW(A11), "000") -> va_011 | B12: 五十嵐雅 | C12: F | D12: =IF(E12="", "", IF(E12>=3, "表示", "非表示")) -> 非表示 | E12: =IFERROR(__xludf.DUMMYFUNCTION("""COMPUTED_VALUE"""),2) -> 2
A13: ="va_" & TEXT(ROW(A12), "000") -> va_012 | B13: 井口祐一 | C13: T | D13: =IF(E13="", "", IF(E13>=3, "表示", "非表示")) -> 表示 | E13: =IFERROR(__xludf.DUMMYFUNCTION("""COMPUTED_VALUE"""),5) -> 5 | F13: • 『僕らはみんな河合荘』：宇佐和成 • 『はたらく魔王さま！』：猿江三月／サリエル • 『FAIRY TAIL』：マックス • 『Spiritpact』：楊敬華 • 『BEASTARS』：キビ | G13: https://haikyo.co.jp/profile/profile.php?ActorID=12183 | H13: ボイスサンプル
A14: ="va_" & TEXT(ROW(A13), "000") -> va_013 | B14: 石川界人 | C14: T | D14: =IF(E14="", "", IF(E14>=3, "表示", "非表示")) -> 表示 | E14: =IFERROR(__xludf.DUMMYFUNCTION("""COMPUTED_VALUE"""),15) -> 15 | F14: • 『ハイキュー!!』：影山飛雄 • 『ワンパンマン』：ジェノス • 『僕のヒーローアカデミア』：飯田天哉 • 『盾の勇者の成り上がり』：岩谷尚文 • 『青春ブタ野郎シリーズ』：梓川咲太 • 『わたしの幸せな結婚』：久堂清霞 | G14: https://stay-luck.com/talent/ishikawa-kaito/ | H14: Voice Sample
A15: ="va_" & TEXT(ROW(A14), "000") -> va_014 | B15: 石谷春貴 | C15: T | D15: =IF(E15="", "", IF(E15>=3, "表示", "非表示")) -> 表示 | E15: =IFERROR(__xludf.DUMMYFUNCTION("""COMPUTED_VALUE"""),8) -> 8 | F15: • 『響け！ユーフォニアム』：塚本秀一 • 『ヒプノシスマイク』：山田二郎 • 『AKIBA’S TRIP -THE ANIMATION-』：伝木凱タモツ • 『ぼくたちのリメイク』：鹿苑寺貫之 • 『この音とまれ！』：足立実康 | G15: https://osawa-inc.co.jp/men/ishiyaharuki/ | H15: ボイスサンプル
A16: ="va_" & TEXT(ROW(A15), "000") -> va_015 | B16: 市川蒼 | C16: T | D16: =IF(E16="", "", IF(E16>=3, "表示", "非表示")) -> 非表示 | E16: =IFERROR(__xludf.DUMMYFUNCTION("""COMPUTED_VALUE"""),2) -> 2 | F16: • 『Just Because!』：泉瑛太 • 『ダーリン・イン・ザ・フランキス』：ミツル • 『ツルネ ―風舞高校弓道部―』：竹早静弥 • 『ブルーロック』：五十嵐栗夢 • 『地獄楽』：山田浅ェ門付知 • 『ディズニー ツイステッドワンダーランド』：ラギー・ブッチ | G16: https://osawa-inc.co.jp/men/ichikawaaoi/ | H16: ボイスサンプル
A17: ="va_" & TEXT(ROW(A16), "000") -> va_016 | B17: 市川太一 | C17: T | D17: =IF(E17="", "", IF(E17>=3, "表示", "非表示")) -> 非表示 | E17: =IFERROR(__xludf.DUMMYFUNCTION("""COMPUTED_VALUE"""),2) -> 2 | F17: • 『カブキブ！』：来栖黒悟 • 『やがて君になる』：槙聖司 • 『終末のハーレム』：水原怜人 • 『時々ボソッとロシア語でデレる隣のアーリャさん』：清宮光瑠 | G17: https://www.vims.co.jp/talent/327/ | H17: VOICE SAMPLE
A18: ="va_" & TEXT(ROW(A17), "000") -> va_017 | B18: 市来光弘 | C18: T | D18: =IF(E18="", "", IF(E18>=3, "表示", "非表示")) -> 非表示 | E18: =IFERROR(__xludf.DUMMYFUNCTION("""COMPUTED_VALUE"""),2) -> 2 | F18: • 『刀剣乱舞』：大和守安定 • 『スクールランブル』：麻生広義 • 『会長はメイド様！』：白川直也 • 『ドロヘドロ』：カスカベ • 『佐々木と宮野』：田代権三郎 • 『八十亀ちゃんかんさつにっき』：陣界斗 | G18: https://mausu.net/talent/ichiki-mitsuhiro.html
A19: ="va_" & TEXT(ROW(A18), "000") -> va_018 | B19: 伊藤マサミ | C19: F | D19: =IF(E19="", "", IF(E19>=3, "表示", "非表示")) -> 非表示 | E19: =IFERROR(__xludf.DUMMYFUNCTION("""COMPUTED_VALUE"""),1) -> 1
A20: ="va_" & TEXT(ROW(A19), "000") -> va_019 | B20: 伊東健人 | C20: T | D20: =IF(E20="", "", IF(E20>=3, "表示", "非表示")) -> 表示 | E20: =IFERROR(__xludf.DUMMYFUNCTION("""COMPUTED_VALUE"""),14) -> 14 | F20: • 『ヲタクに恋は難しい』：二藤宏嵩 • 『【推しの子】』：ゴロー • 『ヒプノシスマイク』：観音坂独歩 • 『アイドルマスター SideM』：硲道夫 • 『プロジェクトセカイ カラフルステージ！』：青柳冬弥 | G20: https://www.81produce.co.jp/dcms_plusdb/index.php/item?cell003=%E3%81%82%E8%A1%8C&keyword=&cell028=&page=2&cell004=&name=%E4%BC%8A%E6%9D%B1%E3%80%80%E5%81%A5%E4%BA%BA&id=9&label=1 | H20: Voice Sample
A21: ="va_" & TEXT(ROW(A20), "000") -> va_020 | B21: 糸川耀士郎 | C21: F | D21: =IF(E21="", "", IF(E21>=3, "表示", "非表示")) -> 非表示 | E21: =IFERROR(__xludf.DUMMYFUNCTION("""COMPUTED_VALUE"""),1) -> 1
A22: ="va_" & TEXT(ROW(A21), "000") -> va_021 | B22: 井上和彦 | C22: T | D22: =IF(E22="", "", IF(E22>=3, "表示", "非表示")) -> 表示 | E22: =IFERROR(__xludf.DUMMYFUNCTION("""COMPUTED_VALUE"""),5) -> 5 | F22: • 『NARUTO -ナルト-』：はたけカカシ • 『夏目友人帳』：ニャンコ先生／斑 • 『美味しんぼ』：山岡士郎 • 『サイボーグ009』：島村ジョー • 『機動戦士Ζガンダム』：ジェリド・メサ • 『名探偵コナン』：白鳥任三郎 | G22: https://b-box-box.com/actor/kazuhiko_inoue/ | H22: VOICE SAMPLE
A23: ="va_" & TEXT(ROW(A22), "000") -> va_022 | B23: 井上雄貴 | C23: T | D23: =IF(E23="", "", IF(E23>=3, "表示", "非表示")) -> 表示 | E23: =IFERROR(__xludf.DUMMYFUNCTION("""COMPUTED_VALUE"""),3) -> 3 | F23: • 『天使の3P!』：貫井響 • 『かくりよの宿飯』：サスケ • 『アトム ザ・ビギニング』：A106 • 『月刊モー想科学』：ノイン • 『ハイキュー!!』：姫川葵 | G23: https://mausu.net/talent/inoue-yuki.html
A24: ="va_" & TEXT(ROW(A23), "000") -> va_023 | B24: 今井文也 | C24: T | D24: =IF(E24="", "", IF(E24>=3, "表示", "非表示")) -> 表示 | E24: =IFERROR(__xludf.DUMMYFUNCTION("""COMPUTED_VALUE"""),7) -> 7 | F24: • 『ギヴン』：鹿島柊 • 『神クズ☆アイドル』：仁淀ユウヤ • 『プロジェクトセカイ カラフルステージ！』：東雲彰人 • 『ハナビちゃんは遅れがち』：東雲ムサシ • 『A3!』：木之崎レント | G24: https://rushstyle.net/talent/fumiya_imai/ | H24: Voice Sample
A25: ="va_" & TEXT(ROW(A24), "000") -> va_024 | B25: 入江玲於奈 | C25: T | D25: =IF(E25="", "", IF(E25>=3, "表示", "非表示")) -> 非表示 | E25: =IFERROR(__xludf.DUMMYFUNCTION("""COMPUTED_VALUE"""),1) -> 1 | F25: • 『刀剣乱舞』：前田藤四郎 • 『プリンスPiaキャロット』：立花心路 • 『でみめん』：サタン • 『乙女剣武蔵』：宍戸梅軒 | G25: https://www.atomicmonkey.jp/talent/iriereona | H25: クレジット
A26: ="va_" & TEXT(ROW(A25), "000") -> va_025 | B26: 入野自由 | C26: T | D26: =IF(E26="", "", IF(E26>=3, "表示", "非表示")) -> 表示 | E26: =IFERROR(__xludf.DUMMYFUNCTION("""COMPUTED_VALUE"""),3) -> 3 | F26: • 『おそ松さん』：松野トド松 • 『ハイキュー!!』：菅原孝支 • 『千と千尋の神隠し』：ハク • 『キングダム ハーツ』：ソラ • 『アイシールド21』：小早川瀬那 • 『あの日見た花の名前を僕達はまだ知らない。』：宿海仁太
A27: ="va_" & TEXT(ROW(A26), "000") -> va_026 | B27: 岩崎諒太 | C27: T | D27: =IF(E27="", "", IF(E27>=3, "表示", "非表示")) -> 表示 | E27: =IFERROR(__xludf.DUMMYFUNCTION("""COMPUTED_VALUE"""),3) -> 3 | F27: • 『ヒプノシスマイク』：白膠木簓 • 『僕のヒーローアカデミア』：夜嵐イナサ • 『ザ・ファブル』：黒塩遼 • 『柚木さんちの四兄弟。』：柚木隼 • 『からくりサーカス』：仲町紀之 | G27: https://www.atomicmonkey.jp/talent/iwasakiryouta | H27: セリフ01
A28: ="va_" & TEXT(ROW(A27), "000") -> va_027 | B28: 岩中睦樹 | C28: T | D28: =IF(E28="", "", IF(E28>=3, "表示", "非表示")) -> 非表示 | E28: =IFERROR(__xludf.DUMMYFUNCTION("""COMPUTED_VALUE"""),2) -> 2 | F28: • 『月がきれい』：立花大輔 • 『ようこそ実力至上主義の教室へ』：山内春樹 • 『キャプテン翼』：井沢守 • 『AIの遺電子』：ジェイ • 『ネガポジアングラー』：佐々木常宏 • 『妻、小学生になる。』：愛川蓮司 | G28: https://mausu.net/talent/iwanaka-mutsuki.html
A29: ="va_" & TEXT(ROW(A28), "000") -> va_028 | B29: 上村祐翔 | C29: T | D29: =IF(E29="", "", IF(E29>=3, "表示", "非表示")) -> 表示 | E29: =IFERROR(__xludf.DUMMYFUNCTION("""COMPUTED_VALUE"""),11) -> 11 | F29: • 『文豪ストレイドッグス』：中島敦 • 『ダーリン・イン・ザ・フランキス』：ヒロ • 『僕のヒーローアカデミア』：天喰環 • 『ヴィンランド・サガ』：トルフィン • 『ツルネ ―風舞高校弓道部―』：鳴宮湊 • 『B-PROJECT』：増長和南
A30: ="va_" & TEXT(ROW(A29), "000") -> va_029 | B30: 内田修一 | C30: T | D30: =IF(E30="", "", IF(E30>=3, "表示", "非表示")) -> 非表示 | E30: =IFERROR(__xludf.DUMMYFUNCTION("""COMPUTED_VALUE"""),1) -> 1 | F30: • 『灼熱カバディ』：栄倉祐 • 『カミエラビ GOD.app』：秋津豊 • 『転生貴族、鑑定スキルで成り上がる』：ブラッハム・ジョー • 『その着せ替え人形は恋をする』：森田健星 • 『夫婦以上、恋人未満。』：寺船周 • 『アンダーニンジャ』：瑛太 | G30: https://intention-k.com/profile/shuichi_uchida | H30: UCHIDA
A31: ="va_" & TEXT(ROW(A30), "000") -> va_030 | B31: 内田雄馬 | C31: T | D31: =IF(E31="", "", IF(E31>=3, "表示", "非表示")) -> 表示 | E31: =IFERROR(__xludf.DUMMYFUNCTION("""COMPUTED_VALUE"""),21) -> 21 | F31: • 『呪術廻戦』：伏黒恵 • 『BANANA FISH』：アッシュ・リンクス • 『ブルーロック』：御影玲王 • 『WIND BREAKER』：桜遥 • 『フルーツバスケット』：草摩夾 • 『マクロスΔ』：ハヤテ・インメルマン • 『りゅうおうのおしごと！』：九頭竜八一 | G31: https://intention-k.com/profile/yuma_uchida | H31: UCHIDA
A32: ="va_" & TEXT(ROW(A31), "000") -> va_031 | B32: 内山昂輝 | C32: T | D32: =IF(E32="", "", IF(E32>=3, "表示", "非表示")) -> 表示 | E32: =IFERROR(__xludf.DUMMYFUNCTION("""COMPUTED_VALUE"""),3) -> 3 | F32: • 『ハイキュー!!』：月島蛍 • 『僕のヒーローアカデミア』：死柄木弔 • 『呪術廻戦』：狗巻棘 • 『機動戦士ガンダムUC』：バナージ・リンクス • 『Free!』：桐嶋郁弥 • 『キングダム ハーツ』：ロクサス／ヴェントゥス • 『ホリミヤ』：宮村伊澄
A33: ="va_" & TEXT(ROW(A32), "000") -> va_032 | B33: 梅田修一朗 | C33: T | D33: =IF(E33="", "", IF(E33>=3, "表示", "非表示")) -> 表示 | E33: =IFERROR(__xludf.DUMMYFUNCTION("""COMPUTED_VALUE"""),3) -> 3 | F33: • 『可愛いだけじゃない式守さん』：和泉くん • 『魔法使い黎明期』：セービル • 『ゾンビ100～ゾンビになるまでにしたい100のこと～』：天道輝 • 『負けヒロインが多すぎる！』：温水和彦 • 『光が死んだ夏』：ヒカル • 『ヴィジランテ -僕のヒーローアカデミア ILLEGALS-』：灰廻航一 | G33: https://www.kenproduction.co.jp/talent/192 | H33: セリフ
A34: ="va_" & TEXT(ROW(A33), "000") -> va_033 | B34: 梅原裕一郎 | C34: T | D34: =IF(E34="", "", IF(E34>=3, "表示", "非表示")) -> 表示 | E34: =IFERROR(__xludf.DUMMYFUNCTION("""COMPUTED_VALUE"""),21) -> 21 | F34: • 『ゴブリンスレイヤー』：ゴブリンスレイヤー • 『美男高校地球防衛部LOVE!』：由布院煙 • 『あんさんぶるスターズ！』：蓮巳敬人 • 『アイドルマスター SideM』：鷹城恭二 • 『魔王学院の不適合者』：アノス・ヴォルディゴード • 『WIND BREAKER』：十亀条 • 『ディズニー ツイステッドワンダーランド』：レオナ・キングスカラー | G34: https://www.artsvision.co.jp/talent/14239/ | H34: ボイスサンプル
A35: ="va_" & TEXT(ROW(A34), "000") -> va_034 | B35: 浦和希 | C35: T | D35: =IF(E35="", "", IF(E35>=3, "表示", "非表示")) -> 表示 | E35: =IFERROR(__xludf.DUMMYFUNCTION("""COMPUTED_VALUE"""),4) -> 4 | F35: • 『ブルーロック』：潔世一 • 『シャドウバースF』：真壁スバル • 『テクノロイド オーバーマインド』：コバルト • 『桃源暗鬼』：一ノ瀬四季 • 『カミエラビ GOD.app』：ゴロー • 『悪魔執事と黒い猫』：ナック・シュタイン | G35: https://www.vims.co.jp/talent/329/ | H35: VOICE SAMPLE
A36: ="va_" & TEXT(ROW(A35), "000") -> va_035 | B36: 江口拓也 | C36: T | D36: =IF(E36="", "", IF(E36>=3, "表示", "非表示")) -> 表示 | E36: =IFERROR(__xludf.DUMMYFUNCTION("""COMPUTED_VALUE"""),20) -> 20 | F36: • 『SPY×FAMILY』：ロイド・フォージャー • 『やはり俺の青春ラブコメはまちがっている。』：比企谷八幡 • 『アイドリッシュセブン』：六弥ナギ • 『東京リベンジャーズ』：半間修二 • 『転生したらスライムだった件』：ソウエイ • 『マッシュル-MASHLE-』：ドット・バレット • 『あんさんぶるスターズ！』：日々樹渉 | G36: https://www.81produce.co.jp/dcms_plusdb/index.php/item?cell003=%E3%81%82%E8%A1%8C&label=1&page=3&cell004=&name=%E6%B1%9F%E5%8F%A3%E3%80%80%E6%8B%93%E4%B9%9F&id=18 | H36: Voice Sample
A37: ="va_" & TEXT(ROW(A36), "000") -> va_036 | B37: 榎木淳弥 | C37: T | D37: =IF(E37="", "", IF(E37>=3, "表示", "非表示")) -> 表示 | E37: =IFERROR(__xludf.DUMMYFUNCTION("""COMPUTED_VALUE"""),10) -> 10 | F37: • 『呪術廻戦』：虎杖悠仁 • 『ジョジョの奇妙な冒険 黄金の風』：パンナコッタ・フーゴ • 『トニカクカワイイ』：由崎星空 • 『アイドルマスター SideM』：舞田類 • 『め組の大吾 救国のオレンジ』：十朱大吾 | G37: https://asleben.jp/talents/junya-enoki | H37: Voice Sample
A38: ="va_" & TEXT(ROW(A37), "000") -> va_037 | B38: 逢坂良太 | C38: T | D38: =IF(E38="", "", IF(E38>=3, "表示", "非表示")) -> 表示 | E38: =IFERROR(__xludf.DUMMYFUNCTION("""COMPUTED_VALUE"""),14) -> 14 | F38: • 『ダイヤのA』：沢村栄純 • 『はたらく魔王さま！』：真奥貞夫（魔王サタン） • 『ハイキュー!!』：赤葦京治 • 『あんさんぶるスターズ！！』：七種茨 • 『赤髪の白雪姫』：ゼン • 『進撃の巨人』：マルコ・ボット • 『鬼滅の刃』：妓夫太郎 | G38: https://www.earlywing.co.jp/actordb/catea/talent_osakaryota | H38: Voice Sample
A39: ="va_" & TEXT(ROW(A38), "000") -> va_038 | B39: 小笠原仁 | C39: T | D39: =IF(E39="", "", IF(E39>=3, "表示", "非表示")) -> 表示 | E39: =IFERROR(__xludf.DUMMYFUNCTION("""COMPUTED_VALUE"""),6) -> 6 | F39: • 『from ARGONAVIS』：旭那由多 • 『カードファイト!! ヴァンガード will+Dress』：狐芝ライカ • 『WAVE!!～サーフィンやっぺ!!～』：秋月ショウ • 『カワイスギクライシス』：向井誠二 • 『18TRIP』：西園練牙 • 『SSSS.DYNAZENON』：淡木 | G39: https://www.earlywing.co.jp/actordb/catea/talent_ogasawarajin | H39: Voice Sample
A40: ="va_" & TEXT(ROW(A39), "000") -> va_039 | B40: 大須賀純 | C40: T | D40: =IF(E40="", "", IF(E40>=3, "表示", "非表示")) -> 表示 | E40: =IFERROR(__xludf.DUMMYFUNCTION("""COMPUTED_VALUE"""),4) -> 4 | F40: • 『あんさんぶるスターズ！』：影片みか • 『刀剣乱舞』：博多藤四郎 • 『新テニスの王子様』：千歳千里 • 『サンリオ男子』：吉野俊介 • 『おおきく振りかぶって』：叶修悟 • 『PJベリーのもぐもぐむにゃむにゃ』：PJベリー | G40: https://amuleto.jp/talents/osuka-jun.html | H40: フルボイス
A41: ="va_" & TEXT(ROW(A40), "000") -> va_040 | B41: 大谷祐貴 | C41: T | D41: =IF(E41="", "", IF(E41>=3, "表示", "非表示")) -> 非表示 | E41: =IFERROR(__xludf.DUMMYFUNCTION("""COMPUTED_VALUE"""),1) -> 1 | F41: • 『巨神と氷華の城』：志郎 • 『刀剣乱舞』：太閤左文字 • 『デリシャスパーティ♡プリキュア』：青山のりお | G41: https://yukiotani.studio.site/ | H41: プロフィール
A42: ="va_" & TEXT(ROW(A41), "000") -> va_041 | B42: 大塚剛央 | C42: T | D42: =IF(E42="", "", IF(E42>=3, "表示", "非表示")) -> 表示 | E42: =IFERROR(__xludf.DUMMYFUNCTION("""COMPUTED_VALUE"""),7) -> 7 | F42: • 『【推しの子】』：アクア • 『薬屋のひとりごと』：壬氏 • 『風が強く吹いている』：蔵原走 • 『アイドルマスター SideM』：眉見鋭心 • 『百千さん家のあやかし王子』：七守葵／鵺 • 『トリリオンゲーム』：天王寺陽 | G42: https://www.imenterprise.jp/profile.php?id=28 | H42: ボイスサンプル
A43: ="va_" & TEXT(ROW(A42), "000") -> va_042 | B43: 岡本信彦 | C43: T | D43: =IF(E43="", "", IF(E43>=3, "表示", "非表示")) -> 表示 | E43: =IFERROR(__xludf.DUMMYFUNCTION("""COMPUTED_VALUE"""),21) -> 21 | F43: • 『僕のヒーローアカデミア』：爆豪勝己 • 『青の祓魔師』：奥村燐 • 『とある魔術の禁書目録』：一方通行（アクセラレータ） • 『ハイキュー!!』：西谷夕 • 『暗殺教室』：赤羽業 • 『葬送のフリーレン』：ヒンメル • 『鬼滅の刃』：不死川玄弥 | G43: https://www.raccoon-dog.co.jp/talent/m01-okamoto.html | H43: ボイスサンプル
A44: ="va_" & TEXT(ROW(A43), "000") -> va_043 | B44: 置鮎龍太郎 | C44: T | D44: =IF(E44="", "", IF(E44>=3, "表示", "非表示")) -> 表示 | E44: =IFERROR(__xludf.DUMMYFUNCTION("""COMPUTED_VALUE"""),9) -> 9 | F44: • 『テニスの王子様』：手塚国光 • 『BLEACH』：朽木白哉 • 『SLAM DUNK』：三井寿 • 『地獄先生ぬ～べ～』：鵺野鳴介 • 『鋼の錬金術師』：スカー • 『トリコ』：トリコ • 『名探偵コナン』：沖矢昴 | G44: https://www.aoni.co.jp/search/okiayu-ryotaro.html | H44: Voice Sample
A45: ="va_" & TEXT(ROW(A44), "000") -> va_044 | B45: 興津和幸 | C45: T | D45: =IF(E45="", "", IF(E45>=3, "表示", "非表示")) -> 表示 | E45: =IFERROR(__xludf.DUMMYFUNCTION("""COMPUTED_VALUE"""),10) -> 10 | F45: • 『ジョジョの奇妙な冒険』：ジョナサン・ジョースター • 『アイドリッシュセブン』：大神万理 • 『BROTHERS CONFLICT』：朝日奈雅臣 • 『刀剣乱舞』：蜂須賀虎徹 • 『蒼き鋼のアルペジオ -アルス・ノヴァ-』：千早群像 | G45: https://www.kekke.co.jp/talent/male/ak/okitsu.html | H45: まずはこちら
A46: ="va_" & TEXT(ROW(A45), "000") -> va_045 | B46: 小野賢章 | C46: T | D46: =IF(E46="", "", IF(E46>=3, "表示", "非表示")) -> 表示 | E46: =IFERROR(__xludf.DUMMYFUNCTION("""COMPUTED_VALUE"""),14) -> 14 | F46: • 『黒子のバスケ』：黒子テツヤ • 『アイドリッシュセブン』：七瀬陸 • 『文豪ストレイドッグス』：芥川龍之介 • 『ジョジョの奇妙な冒険 黄金の風』：ジョルノ・ジョバァーナ • 『ハリー・ポッター』シリーズ：ハリー・ポッター • 『SPY×FAMILY』：ユーリ・ブライア • 『ツルネ ―風舞高校弓道部―』：藤原愁 | G46: https://animoproduce.co.jp/artists/onokensho/ | H46: VOICE SAMPLE
A47: ="va_" & TEXT(ROW(A46), "000") -> va_046 | B47: 小野友樹 | C47: T | D47: =IF(E47="", "", IF(E47>=3, "表示", "非表示")) -> 表示 | E47: =IFERROR(__xludf.DUMMYFUNCTION("""COMPUTED_VALUE"""),20) -> 20 | F47: • 『黒子のバスケ』：火神大我 • 『ジョジョの奇妙な冒険 ダイヤモンドは砕けない』：東方仗助 • 『あんさんぶるスターズ！』：大神晃牙 • 『抱かれたい男1位に脅されています。』：東谷准太 • 『ブルーロック』：國神錬介 | G47: https://web.onoyuki.com/ | H47: ボイスサンプル
A48: ="va_" & TEXT(ROW(A47), "000") -> va_047 | B48: 海渡翼 | C48: T | D48: =IF(E48="", "", IF(E48>=3, "表示", "非表示")) -> 非表示 | E48: =IFERROR(__xludf.DUMMYFUNCTION("""COMPUTED_VALUE"""),2) -> 2 | F48: • 『ブルーロック』：蜂楽廻 • 『あんさんぶるスターズ！！』：桜河こはく • 『戦国 A LIVE』：佑太郎 • 『星芥ショータイム』：四条憶人 | G48: https://pro-baobab.jp/actor/%E6%B5%B7%E6%B8%A1-%E7%BF%BC/?utm_source=chatgpt.com | H48: Sample Voice
A49: ="va_" & TEXT(ROW(A48), "000") -> va_048 | B49: 柿原徹也 | C49: T | D49: =IF(E49="", "", IF(E49>=3, "表示", "非表示")) -> 表示 | E49: =IFERROR(__xludf.DUMMYFUNCTION("""COMPUTED_VALUE"""),23) -> 23 | F49: • 『FAIRY TAIL』：ナツ・ドラグニル • 『天元突破グレンラガン』：シモン • 『弱虫ペダル』：東堂尽八 • 『青の祓魔師』：アマイモン • 『B-PROJECT』：音済百太郎 • 『ツキウタ。』：葉月陽
A50: ="va_" & TEXT(ROW(A49), "000") -> va_049 | B50: 加藤和樹 | C50: F | D50: =IF(E50="", "", IF(E50>=3, "表示", "非表示")) -> 表示 | E50: =IFERROR(__xludf.DUMMYFUNCTION("""COMPUTED_VALUE"""),6) -> 6
A51: ="va_" & TEXT(ROW(A50), "000") -> va_050 | B51: 笠間淳 | C51: T | D51: =IF(E51="", "", IF(E51>=3, "表示", "非表示")) -> 表示 | E51: =IFERROR(__xludf.DUMMYFUNCTION("""COMPUTED_VALUE"""),8) -> 8 | F51: • 『アイドルマスター SideM』：葛之葉雨彦 • 『あんさんぶるスターズ！！』：HiMERU • 『THE FIRST SLAM DUNK』：三井寿 • 『REVENGER』：繰馬雷蔵 • 『ハイキュー!!』：尾白アラン • 『幼女戦記』：ヴィリバルト・ケーニッヒ | G51: https://haikyo.co.jp/profile/profile.php?ActorID=12608&utm_source=chatgpt.com | H51: ボイスサンプル
A52: ="va_" & TEXT(ROW(A51), "000") -> va_051 | B52: 梶裕貴 | C52: T | D52: =IF(E52="", "", IF(E52>=3, "表示", "非表示")) -> 表示 | E52: =IFERROR(__xludf.DUMMYFUNCTION("""COMPUTED_VALUE"""),17) -> 17 | F52: • 『進撃の巨人』：エレン・イェーガー • 『僕のヒーローアカデミア』：轟焦凍 • 『七つの大罪』：メリオダス • 『マギ』：アリババ・サルージャ • 『ハイキュー!!』：孤爪研磨 • 『黒執事』：フィニアン | G52: https://fractal-voice.jp/works/talent_yukikaji.html | H52: VOICE SAMPLE
A53: ="va_" & TEXT(ROW(A52), "000") -> va_052 | B53: 梶田大嗣 | C53: T | D53: =IF(E53="", "", IF(E53>=3, "表示", "非表示")) -> 非表示 | E53: =IFERROR(__xludf.DUMMYFUNCTION("""COMPUTED_VALUE"""),1) -> 1 | F53: • 『戦隊大失格』：桜間日々輝 • 『ビックリメン』：ヤマト • 『NOBLESSE -ノブレス-』：ラエル・ケルティア • 『ブルーロック』：成早朝日 • 『SDガンダムワールド ヒーローズ』：馬超ガンダムバルバトス • 『ひみつのアイプリ』：霧島律 | G53: https://www.blackship.jp/male/daishikajita/ | H53: ボイスサンプル
A54: ="va_" & TEXT(ROW(A53), "000") -> va_053 | B54: 梶原岳人 | C54: T | D54: =IF(E54="", "", IF(E54>=3, "表示", "非表示")) -> 表示 | E54: =IFERROR(__xludf.DUMMYFUNCTION("""COMPUTED_VALUE"""),14) -> 14 | F54: • 『ブラッククローバー』：アスタ • 『炎炎ノ消防隊』：森羅日下部 • 『あんさんぶるスターズ！！』：天城一彩 • 『Paradox Live』：朱雀野アレン • 『お前はまだグンマを知らない』：神月紀 | G54: https://haikyo.co.jp/profile/profile.php?ActorID=12813 | H54: ボイスサンプル
A55: ="va_" & TEXT(ROW(A54), "000") -> va_054 | B55: 粕谷雄太 | C55: T | D55: =IF(E55="", "", IF(E55>=3, "表示", "非表示")) -> 非表示 | E55: =IFERROR(__xludf.DUMMYFUNCTION("""COMPUTED_VALUE"""),1) -> 1 | F55: • 『僕のヒーローアカデミア』：真堂揺 • 『刀剣乱舞』：五虎退 • 『聖闘士星矢セインティア翔』：アンドロメダ星座の瞬 • 『ワールドトリガー』：時枝充 • 『デジモンゴーストゲーム』：ゴツモン | G55: https://www.aoni.co.jp/search/kasuya-yuta.html | H55: Voice Sample
A56: ="va_" & TEXT(ROW(A55), "000") -> va_055 | B56: 神原大地 | C56: T | D56: =IF(E56="", "", IF(E56>=3, "表示", "非表示")) -> 表示 | E56: =IFERROR(__xludf.DUMMYFUNCTION("""COMPUTED_VALUE"""),3) -> 3 | F56: • 『アイドルマスター SideM』：伊集院北斗 • 『カードファイト!! ヴァンガード』：蒼龍レオン • 『number24』：東坂虎之進 • 『佐々木と宮野』：半澤雅臣 • 『爆丸』シリーズ： ハウルカー
A57: ="va_" & TEXT(ROW(A56), "000") -> va_056 | B57: 狩野翔 | C57: T | D57: =IF(E57="", "", IF(E57>=3, "表示", "非表示")) -> 表示 | E57: =IFERROR(__xludf.DUMMYFUNCTION("""COMPUTED_VALUE"""),3) -> 3 | F57: • 『東京リベンジャーズ』：松野千冬 • 『アイドルマスター SideM』：神谷幸広 • 『本好きの下剋上』：フラン • 『君は放課後インソムニア』：灰田塁 • 『刀剣乱舞』：五月雨江 | G57: https://haikyo.co.jp/profile/profile.php?ActorID=12560 | H57: ボイスサンプル
A58: ="va_" & TEXT(ROW(A57), "000") -> va_057 | B58: 川島零士 | C58: T | D58: =IF(E58="", "", IF(E58>=3, "表示", "非表示")) -> 非表示 | E58: =IFERROR(__xludf.DUMMYFUNCTION("""COMPUTED_VALUE"""),2) -> 2 | F58: • 『不滅のあなたへ』：フシ • 『マッシュル-MASHLE-』：フィン・エイムズ • 『夜桜さんちの大作戦』：朝野太陽 • 『シャドーハウス』：パトリック／リッキー • 『カードファイト!! ヴァンガード Divinez』：呼続スオウ | G58: https://www.aoni.co.jp/search/kawashima-reiji.html | H58: Voice Sample
A59: ="va_" & TEXT(ROW(A58), "000") -> va_058 | B59: 河西健吾 | C59: T | D59: =IF(E59="", "", IF(E59>=3, "表示", "非表示")) -> 表示 | E59: =IFERROR(__xludf.DUMMYFUNCTION("""COMPUTED_VALUE"""),13) -> 13 | F59: • 『機動戦士ガンダム 鉄血のオルフェンズ』：三日月・オーガス • 『鬼滅の刃』：時透無一郎 • 『Dr.STONE』：あさぎりゲン • 『ヒプノシスマイク』：躑躅森盧笙 • 『怪獣8号』：保科宗四郎 • 『3月のライオン』：桐山零 | G59: https://mausu.net/talent/kawanishi-kengo.html
A60: ="va_" & TEXT(ROW(A59), "000") -> va_059 | B60: 川原慶久 | C60: T | D60: =IF(E60="", "", IF(E60>=3, "表示", "非表示")) -> 非表示 | E60: =IFERROR(__xludf.DUMMYFUNCTION("""COMPUTED_VALUE"""),1) -> 1 | F60: • 『テニスの王子様』：橘桔平 • 『とある魔術の禁書目録』：青髪ピアス • 『バキ』：愚地克巳 • 『日常』：笹原幸治郎 • 『アイドリッシュセブン』：姉鷺カオル • 『ガールズ&パンツァー』：秋山淳五郎 | G60: https://across-ent.com/voice_actor/detail.html?id=103 | H60: VOICE SAMPLE
A61: ="va_" & TEXT(ROW(A60), "000") -> va_060 | B61: 神尾晋一郎 | C61: T | D61: =IF(E61="", "", IF(E61>=3, "表示", "非表示")) -> 表示 | E61: =IFERROR(__xludf.DUMMYFUNCTION("""COMPUTED_VALUE"""),7) -> 7 | F61: • 『ヒプノシスマイク』：毒島メイソン理鶯 • 『あんさんぶるスターズ！』：鬼龍紅郎 • 『THE FIRST SLAM DUNK』：流川楓 • 『悪魔執事と黒い猫』：ボスキ・アリーナス • 『世界はほしいモノにあふれてる』：ナレーション | G61: https://www.81produce.co.jp/dcms_plusdb/index.php/item?cell003=%E3%81%8B%E8%A1%8C&label=1&cell004=&name=%E7%A5%9E%E5%B0%BE%E3%80%80%E6%99%8B%E4%B8%80%E9%83%8E&id=32 | H61: Voice Sample
A62: ="va_" & TEXT(ROW(A61), "000") -> va_061 | B62: 神永圭佑 | C62: F | D62: =IF(E62="", "", IF(E62>=3, "表示", "非表示")) -> 非表示 | E62: =IFERROR(__xludf.DUMMYFUNCTION("""COMPUTED_VALUE"""),1) -> 1
A63: ="va_" & TEXT(ROW(A62), "000") -> va_062 | B63: 北村諒 | C63: F | D63: =IF(E63="", "", IF(E63>=3, "表示", "非表示")) -> 非表示 | E63: =IFERROR(__xludf.DUMMYFUNCTION("""COMPUTED_VALUE"""),2) -> 2
A64: ="va_" & TEXT(ROW(A63), "000") -> va_063 | B64: 木島隆一 | C64: T | D64: =IF(E64="", "", IF(E64>=3, "表示", "非表示")) -> 表示 | E64: =IFERROR(__xludf.DUMMYFUNCTION("""COMPUTED_VALUE"""),5) -> 5 | F64: • 『ヒプノシスマイク』：伊弉冉一二三 • 『BORUTO-ボルト- NARUTO NEXT GENERATIONS』：ミツキ • 『転生したらスライムだった件』：ギド • 『ありふれた職業で世界最強』：坂上龍太郎 • 『映画大好きポンポさん』：アラン • 『ゴッドイーター』：空木レンカ | G64: https://mausu.net/talent/kijima-ryuichi.html
A65: ="va_" & TEXT(ROW(A64), "000") -> va_064 | B65: 木村昴 | C65: T | D65: =IF(E65="", "", IF(E65>=3, "表示", "非表示")) -> 表示 | E65: =IFERROR(__xludf.DUMMYFUNCTION("""COMPUTED_VALUE"""),4) -> 4 | F65: • 『ドラえもん』：剛田武（ジャイアン） • 『ヒプノシスマイク』：山田一郎 • 『呪術廻戦』：東堂葵 • 『ジョジョの奇妙な冒険 黄金の風』：ペッシ • 『ハイキュー!!』：天童覚
A66: ="va_" & TEXT(ROW(A65), "000") -> va_065 | B66: 木村太飛 | C66: T | D66: =IF(E66="", "", IF(E66>=3, "表示", "非表示")) -> 非表示 | E66: =IFERROR(__xludf.DUMMYFUNCTION("""COMPUTED_VALUE"""),2) -> 2 | F66: • 『陰陽廻天 Re:バース』：業平猛 • 『HUNDRED LINE -最終防衛学園-』：澄野拓海 • 『朱色の仮面』：ペル・ダレスト • 『最強の王様、二度目の人生は何をする？』：アダム・クレンシュ • 『カグラバチ』：六平千鉱 | G66: https://www.kenproduction.co.jp/talent/224 | H66: セリフ
A67: ="va_" & TEXT(ROW(A66), "000") -> va_066 | B67: 木村良平 | C67: T | D67: =IF(E67="", "", IF(E67>=3, "表示", "非表示")) -> 表示 | E67: =IFERROR(__xludf.DUMMYFUNCTION("""COMPUTED_VALUE"""),19) -> 19 | F67: • 『黒子のバスケ』：黄瀬涼太 • 『ハイキュー!!』：木兎光太郎 • 『魔道祖師』：魏無羨 • 『原神』：タルタリヤ • 『DIABOLIK LOVERS』：無神コウ • 『ツキウタ。』：霜月隼 • 『東のエデン』：滝沢朗
A68: ="va_" & TEXT(ROW(A67), "000") -> va_067 | B68: 楠大典 | C68: T | D68: =IF(E68="", "", IF(E68>=3, "表示", "非表示")) -> 表示 | E68: =IFERROR(__xludf.DUMMYFUNCTION("""COMPUTED_VALUE"""),3) -> 3 | F68: • 『テニスの王子様』：真田弦一郎 • 『TIGER & BUNNY』：アントニオ・ロペス（ロックバイソン） • 『ONE PIECE』：ウルージ • 『炎炎ノ消防隊』：レオナルド・バーンズ • 『トランスフォーマー ギャラクシーフォース』：ギャラクシーコンボイ | G68: https://amuleto.jp/talents/kusunokitaiten.html | H68: ナレーション
A69: ="va_" & TEXT(ROW(A68), "000") -> va_068 | B69: 熊谷俊輝 | C69: T | D69: =IF(E69="", "", IF(E69>=3, "表示", "非表示")) -> 非表示 | E69: =IFERROR(__xludf.DUMMYFUNCTION("""COMPUTED_VALUE"""),1) -> 1 | F69: • 『遊☆戯☆王ゴーラッシュ!!』：王道遊飛 • 『君は冥土様。』：横谷人好 • 『ライオン・キング』：シンバ（子供時代） • 『18TRIP』：輝矢宗氏 • 『異世界黙示録マイノグーラ』：伊良拓斗 | G69: https://avex-pictures.co.jp/lineup/96941/ | H69: VOICE SAMPLE
A70: ="va_" & TEXT(ROW(A69), "000") -> va_069 | B70: 熊谷健太郎 | C70: T | D70: =IF(E70="", "", IF(E70>=3, "表示", "非表示")) -> 表示 | E70: =IFERROR(__xludf.DUMMYFUNCTION("""COMPUTED_VALUE"""),10) -> 10 | F70: • 『ダンジョン飯』：ライオス • 『アイドルマスター SideM』：握野英雄 • 『A3!』：伏見臣 • 『機動戦士ガンダム 鉄血のオルフェンズ』：アストン・アルトランド • 『ゴッド・オブ・ハイスクール』：ハン・デウィ • 『グランクレスト戦記』：テオ・コルネーロ | G70: https://haikyo.co.jp/profile/profile.php?ActorID=12741 | H70: ボイスサンプル
A71: ="va_" & TEXT(ROW(A70), "000") -> va_070 | B71: 草野太一 | C71: T | D71: =IF(E71="", "", IF(E71>=3, "表示", "非表示")) -> 非表示 | E71: =IFERROR(__xludf.DUMMYFUNCTION("""COMPUTED_VALUE"""),2) -> 2 | F71: • 『Fairy蘭丸～あなたの心お助けします～』：陸岡樹果 • 『あんさんぶるスターズ！！』：花群冬芽 • 『ワールドトリガー』：別役太一 • 『ジャックジャンヌ』：忍成稀 • 『美男高校地球防衛部ハイカラ！』：阿蘇空太 • 『JOCHUM』：マイクン | G71: https://www.aoni.co.jp/search/kusano-taichi.html | H71: Voice Sample
A72: ="va_" & TEXT(ROW(A71), "000") -> va_071 | B72: 小林大紀 | C72: T | D72: =IF(E72="", "", IF(E72>=3, "表示", "非表示")) -> 表示 | E72: =IFERROR(__xludf.DUMMYFUNCTION("""COMPUTED_VALUE"""),3) -> 3 | F72: • 『地縛少年花子くん』：ミツバ（三葉惣助） • 『ナンバカ』：ニコ • 『転生したらスライムだった件』：ヘルメス • 『魔法使いの嫁』：ゾーイ・アイビー • 『あんさんぶるスターズ！！』：天満光 • 『きのこいぬ』：きのこいぬ | G72: https://www.81produce.co.jp/dcms_plusdb/index.php/item?id=45 | H72: Voice Sample
A73: ="va_" & TEXT(ROW(A72), "000") -> va_072 | B73: 小林千晃 | C73: T | D73: =IF(E73="", "", IF(E73>=3, "表示", "非表示")) -> 表示 | E73: =IFERROR(__xludf.DUMMYFUNCTION("""COMPUTED_VALUE"""),12) -> 12 | F73: • 『マッシュル-MASHLE-』：マッシュ・バーンデッド • 『SK∞ エスケーエイト』：馳河ランガ • 『地獄楽』：画眉丸 • 『葬送のフリーレン』：シュタルク • 『憂国のモリアーティ』：ルイス・ジェームズ・モリアーティ • 『クールドジ男子』：一倉颯 • 『30歳まで童貞だと魔法使いになれるらしい』：安達清 | G73: https://osawa-inc.co.jp/men/kobayashichiaki/ | H73: ボイスサンプル
A74: ="va_" & TEXT(ROW(A73), "000") -> va_073 | B74: 小林親弘 | C74: T | D74: =IF(E74="", "", IF(E74>=3, "表示", "非表示")) -> 表示 | E74: =IFERROR(__xludf.DUMMYFUNCTION("""COMPUTED_VALUE"""),4) -> 4 | F74: • 『ゴールデンカムイ』：杉元佐一 • 『転生したらスライムだった件』：ランガ • 『BEASTARS』：レゴシ • 『魔王城でおやすみ』：レッドシベリアン・改 • 『姫様“拷問”の時間です』：エクス • 『イエスタデイをうたって』：魚住陸生 | G74: https://www.atomicmonkey.jp/talent/kobayashichikahiro | H74: クレジット
A75: ="va_" & TEXT(ROW(A74), "000") -> va_074 | B75: 小林竜之 | C75: T | D75: =IF(E75="", "", IF(E75>=3, "表示", "非表示")) -> 非表示 | E75: =IFERROR(__xludf.DUMMYFUNCTION("""COMPUTED_VALUE"""),2) -> 2 | F75: • 『アイドルタイムプリパラ』：三鷹アサヒ • 『ディズニー ツイステッドワンダーランド』：ケイト・ダイヤモンド • 『KING OF PRISM』：池袋エィス • 『神クズ☆アイドル』：内濱アキラ • 『でーじミーツガール』：すずきいちろう • 『ひみつのアイプリ』：七浦すばる | G75: https://avex-pictures.co.jp/lineup/33139/ | H75: VOICE SAMPLE
A76: ="va_" & TEXT(ROW(A75), "000") -> va_075 | B76: 小林裕介 | C76: T | D76: =IF(E76="", "", IF(E76>=3, "表示", "非表示")) -> 表示 | E76: =IFERROR(__xludf.DUMMYFUNCTION("""COMPUTED_VALUE"""),21) -> 21 | F76: • 『Re:ゼロから始める異世界生活』：ナツキ・スバル • 『Dr.STONE』：石神千空 • 『炎炎ノ消防隊』：アーサー・ボイル • 『アルスラーン戦記』：アルスラーン • 『ファイアーエムブレム 風花雪月』：ベレト • 『Paradox Live』：矢戸乃上珂波汰 | G76: https://yu-rin.com/pro-man/kobayashi-yusuke | H76: 音声サンプル
A77: ="va_" & TEXT(ROW(A76), "000") -> va_076 | B77: 小松昌平 | C77: T | D77: =IF(E77="", "", IF(E77>=3, "表示", "非表示")) -> 表示 | E77: =IFERROR(__xludf.DUMMYFUNCTION("""COMPUTED_VALUE"""),11) -> 11 | F77: • 『アイドルマスター SideM』：牙崎漣 • 『賢者の孫』：アウグスト＝フォン＝アールスハイド • 『number24』：都留靖也 • 『葬送のフリーレン』：ラント • 『SHOW BY ROCK!!』：ハッチン • 『刀剣乱舞』：肥前忠広 | G77: https://www.kenproduction.co.jp/talent/130 | H77: セリフ
A78: ="va_" & TEXT(ROW(A77), "000") -> va_077 | B78: 駒田航 | C78: T | D78: =IF(E78="", "", IF(E78>=3, "表示", "非表示")) -> 表示 | E78: =IFERROR(__xludf.DUMMYFUNCTION("""COMPUTED_VALUE"""),6) -> 6 | F78: • 『ヒプノシスマイク』：入間銃兎 • 『アイドルマスター SideM』：古論クリス • 『あんさんぶるスターズ！』：椚章臣 • 『ディズニー ツイステッドワンダーランド』：ジェイド・リーチ • 『華Doll＊』：チセ | G78: https://www.81produce.co.jp/dcms_plusdb/index.php/item?cell003=%E3%81%8B%E8%A1%8C&label=1&page=3&cell004=&name=%E9%A7%92%E7%94%B0%E3%80%80%E8%88%AA&id=46 | H78: Voice Sample
A79: ="va_" & TEXT(ROW(A78), "000") -> va_078 | B79: 小西克幸 | C79: T | D79: =IF(E79="", "", IF(E79>=3, "表示", "非表示")) -> 表示 | E79: =IFERROR(__xludf.DUMMYFUNCTION("""COMPUTED_VALUE"""),14) -> 14 | F79: • 『鬼滅の刃』：宇髄天元 • 『ヘタリア』：アメリカ • 『テイルズ オブ シンフォニア』：ロイド・アーヴィング • 『べるぜバブ』：男鹿辰巳 • 『ゴールデンカムイ』：鯉登音之進 • 『薬屋のひとりごと』：高順 • 『天元突破グレンラガン』：カミナ | G79: https://www.kenproduction.co.jp/talent/32 | H79: セリフ
A80: ="va_" & TEXT(ROW(A79), "000") -> va_079 | B80: 小西成弥 | C80: F | D80: =IF(E80="", "", IF(E80>=3, "表示", "非表示")) -> 非表示 | E80: =IFERROR(__xludf.DUMMYFUNCTION("""COMPUTED_VALUE"""),1) -> 1
A81: ="va_" & TEXT(ROW(A80), "000") -> va_080 | B81: 子安武人 | C81: T | D81: =IF(E81="", "", IF(E81>=3, "表示", "非表示")) -> 表示 | E81: =IFERROR(__xludf.DUMMYFUNCTION("""COMPUTED_VALUE"""),9) -> 9 | F81: • 『ジョジョの奇妙な冒険』：ディオ・ブランドー／DIO • 『銀魂』：高杉晋助 • 『進撃の巨人』：ジーク・イェーガー • 『新機動戦記ガンダムW』：ゼクス・マーキス • 『機動戦士ガンダムSEED』：ムウ・ラ・フラガ • 『ONE PIECE』：クザン（青キジ） • 『Re:ゼロから始める異世界生活』：ロズワール・L・メイザース | G81: https://tsf-official.com/talent/takehito-koyasu/ | H81: ボイスサンプル
A82: ="va_" & TEXT(ROW(A81), "000") -> va_081 | B82: 近藤隆 | C82: T | D82: =IF(E82="", "", IF(E82>=3, "表示", "非表示")) -> 表示 | E82: =IFERROR(__xludf.DUMMYFUNCTION("""COMPUTED_VALUE"""),14) -> 14 | F82: • 『家庭教師ヒットマンREBORN!』：雲雀恭弥 • 『アイドリッシュセブン』：御堂虎於 • 『世界一初恋』：小野寺律 • 『DIABOLIK LOVERS』：逆巻スバル • 『ツキウタ。』：長月夜 • 『BLACK CAT』：トレイン＝ハートネット | G82: https://ambernote.jp/talent/takashi_kondo | H82: VOICE SAMPLE
A83: ="va_" & TEXT(ROW(A82), "000") -> va_082 | B83: 河本啓佑 | C83: T | D83: =IF(E83="", "", IF(E83>=3, "表示", "非表示")) -> 表示 | E83: =IFERROR(__xludf.DUMMYFUNCTION("""COMPUTED_VALUE"""),3) -> 3 | F83: • 『美男高校地球防衛部LOVE! LOVE!』：別府月彦 • 『サイボーグ009 CALL OF JUSTICE』：009／島村ジョー • 『私がモテてどうすんだ』：七島希 • 『BORUTO-ボルト-』：枸橘かぐら • 『RobiHachi』：ハッチ・キタ • 『怪獣8号』：出雲ハルイチ | G83: https://www.production-ace.co.jp/ace_talent/keisukekomoto/ | H83: Voice Sample
A84: ="va_" & TEXT(ROW(A83), "000") -> va_083 | B84: 斉藤壮馬 | C84: T | D84: =IF(E84="", "", IF(E84>=3, "表示", "非表示")) -> 表示 | E84: =IFERROR(__xludf.DUMMYFUNCTION("""COMPUTED_VALUE"""),27) -> 27 | F84: • 『ヒプノシスマイク』：夢野幻太郎 • 『アイドリッシュセブン』：九条天 • 『るろうに剣心 -明治剣客浪漫譚-』：緋村剣心 • 『ブルーロック』：千切豹馬 • 『ハイキュー!!』：山口忠 • 『刀剣乱舞』：鶴丸国永 • 『あんさんぶるスターズ！』：葵ひなた／葵ゆうた | G84: https://www.81produce.co.jp/dcms_plusdb/index.php/item?cell003=%E3%81%95%E8%A1%8C&label=1&cell004=&name=%E6%96%89%E8%97%A4%E3%80%80%E5%A3%AE%E9%A6%AC&id=47 | H84: Voice Sample
A85: ="va_" & TEXT(ROW(A84), "000") -> va_084 | B85: 酒井広大 | C85: T | D85: =IF(E85="", "", IF(E85>=3, "表示", "非表示")) -> 非表示 | E85: =IFERROR(__xludf.DUMMYFUNCTION("""COMPUTED_VALUE"""),1) -> 1 | F85: • 『A3!』：佐久間咲也 • 『シャドーハウス』：ジョン／ショーン • 『時々ボソッとロシア語でデレる隣のアーリャさん』：丸山毅 • 『誰ソ彼ホテル』：阿鳥遥斗 • 『オッドタクシー』：今井 • 『迷家-マヨイガ-』：光宗 | G85: https://animoproduce.co.jp/artists/sakaikodai/ | H85: VOICE SAMPLE
A86: ="va_" & TEXT(ROW(A85), "000") -> va_085 | B86: 坂泰斗 | C86: T | D86: =IF(E86="", "", IF(E86>=3, "表示", "非表示")) -> 表示 | E86: =IFERROR(__xludf.DUMMYFUNCTION("""COMPUTED_VALUE"""),3) -> 3 | F86: • 『お隣の天使様にいつの間にか駄目人間にされていた件』：藤宮周 • 『ディズニー ツイステッドワンダーランド』：ジャック・ハウル • 『ギヴン』：八木玄純 • 『俺だけレベルアップな件』：水篠旬 • 『転生貴族、鑑定スキルで成り上がる』：リーツ・ミューセス • 『悪魔執事と黒い猫』：ハウレス・クリフォード | G86: https://osawa-inc.co.jp/men/bantaito/ | H86: ボイスサンプル
A87: ="va_" & TEXT(ROW(A86), "000") -> va_086 | B87: 坂田将吾 | C87: T | D87: =IF(E87="", "", IF(E87>=3, "表示", "非表示")) -> 表示 | E87: =IFERROR(__xludf.DUMMYFUNCTION("""COMPUTED_VALUE"""),6) -> 6 | F87: • 『チェンソーマン』：早川アキ • 『Fairy蘭丸～あなたの心お助けします～』：阿以蘭丸 • 『転生王女と天才令嬢の魔法革命』：アルガルド・ボナ・パレッティア • 『千歳くんはラムネ瓶のなか』：千歳朔 • 『悪魔執事と黒い猫』：フェネス・オズワルド • 『桃源暗鬼』：矢颪碇 | G87: https://www.aoni.co.jp/search/sakata-shogo.html | H87: Voice Sample
A88: ="va_" & TEXT(ROW(A87), "000") -> va_087 | B88: 榊原優希 | C88: T | D88: =IF(E88="", "", IF(E88>=3, "表示", "非表示")) -> 表示 | E88: =IFERROR(__xludf.DUMMYFUNCTION("""COMPUTED_VALUE"""),5) -> 5 | F88: • 『ヒプノシスマイク』：四十物十四 • 『デッドマウント・デスプレイ』：四乃山ポルカ • 『呪術廻戦』：星綺羅羅 • 『シャドウバースF』：白銀ミカド • 『異世界ワンターンキル姉さん』：軍場朝陽 • 『リコリス・リコイル』：ロボ太 | G88: https://www.81produce.co.jp/dcms_plusdb/index.php/item?cell003=%E3%81%95%E8%A1%8C&label=1&cell004=&name=%E6%A6%8A%E5%8E%9F%E3%80%80%E5%84%AA%E5%B8%8C&id=49 | H88: Voice Sample
A89: ="va_" & TEXT(ROW(A88), "000") -> va_088 | B89: 阪口大助 | C89: T | D89: =IF(E89="", "", IF(E89>=3, "表示", "非表示")) -> 非表示 | E89: =IFERROR(__xludf.DUMMYFUNCTION("""COMPUTED_VALUE"""),1) -> 1 | F89: • 『銀魂』：志村新八 • 『機動戦士Vガンダム』：ウッソ・エヴィン • 『血界戦線』：レオナルド・ウォッチ • 『CLANNAD』：春原陽平 • 『炎炎ノ消防隊』：ヴィクトル・リヒト • 『あたしンち』：立花ユズヒコ • 『氷菓』：福部里志 | G89: https://www.aoni.co.jp/search/sakaguchi-daisuke.html | H89: Voice Sample
A90: ="va_" & TEXT(ROW(A89), "000") -> va_089 | B90: 櫻井トオル | C90: T | D90: =IF(E90="", "", IF(E90>=3, "表示", "非表示")) -> 非表示 | E90: =IFERROR(__xludf.DUMMYFUNCTION("""COMPUTED_VALUE"""),1) -> 1 | F90: • 『ハイキュー!!』：花巻貴大 • 『銀の匙 Silver Spoon』：駒場一郎 • 『ドラゴンボールDAIMA』：ミスター・サタン • 『刀剣乱舞』：同田貫正国／蜻蛉切 • 『SHAMAN KING』：李白竜 • 『THE FIRST SLAM DUNK』：潮崎哲士 | G90: https://www.kenproduction.co.jp/talent/84 | H90: セリフ
A91: ="va_" & TEXT(ROW(A90), "000") -> va_090 | B91: 佐藤拓也 | C91: T | D91: =IF(E91="", "", IF(E91>=3, "表示", "非表示")) -> 表示 | E91: =IFERROR(__xludf.DUMMYFUNCTION("""COMPUTED_VALUE"""),20) -> 20 | F91: • 『アイドリッシュセブン』：十龍之介 • 『カードファイト!! ヴァンガード』：櫂トシキ • 『ジョジョの奇妙な冒険』：シーザー・アントニオ・ツェペリ • 『憂国のモリアーティ』：アルバート・ジェームズ・モリアーティ • 『刀剣乱舞』：燭台切光忠 • 『魔入りました！入間くん』：サブノック・サブロ • 『キャプテン翼』：日向小次郎 | G91: https://www.kenproduction.co.jp/talent/39 | H91: セリフ
A92: ="va_" & TEXT(ROW(A91), "000") -> va_091 | B92: 佐藤祐吾 | C92: T | D92: =IF(E92="", "", IF(E92>=3, "表示", "非表示")) -> 非表示 | E92: =IFERROR(__xludf.DUMMYFUNCTION("""COMPUTED_VALUE"""),2) -> 2 | F92: • 『雨色ココア』：都倉望 • 『ACTORS -Songs Connection-』：新木完 • 『遊☆戯☆王SEVENS』：加山シュベール • 『シュート！ Goal to the Future』：松橋圭 • 『18TRIP』：衣川季肋
A93: ="va_" & TEXT(ROW(A92), "000") -> va_092 | B93: 沢城千春 | C93: T | D93: =IF(E93="", "", IF(E93>=3, "表示", "非表示")) -> 表示 | E93: =IFERROR(__xludf.DUMMYFUNCTION("""COMPUTED_VALUE"""),7) -> 7 | F93: • 『A3!』：摂津万里 • 『Caligula』：式島律 • 『トライブナイン』：タイガ • 『ラブ米 -WE LOVE RICE-』：ささにしき • 『スタンドマイヒーローズ』：九条壮馬 • 『チア男子!!』：安藤タケル | G93: https://stay-luck.com/talent/sawashiro-chiharu/ | H93: Voice Sample
A94: ="va_" & TEXT(ROW(A93), "000") -> va_093 | B94: 重松千晴 | C94: T | D94: =IF(E94="", "", IF(E94>=3, "表示", "非表示")) -> 表示 | E94: =IFERROR(__xludf.DUMMYFUNCTION("""COMPUTED_VALUE"""),4) -> 4 | F94: • 『あんさんぶるスターズ！！』：礼瀬マヨイ • 『神様になった日』：鈴木央人 • 『神之塔 -Tower of God-』：ベータ • 『クレバテス-魔獣の王と赤子と屍の勇者-』：メイナード | G94: https://haikyo.co.jp/profile/profile.php?ActorID=13018 | H94: ボイスサンプル
A95: ="va_" & TEXT(ROW(A94), "000") -> va_094 | B95: 島﨑信長 | C95: T | D95: =IF(E95="", "", IF(E95>=3, "表示", "非表示")) -> 表示 | E95: =IFERROR(__xludf.DUMMYFUNCTION("""COMPUTED_VALUE"""),19) -> 19 | F95: • 『Free!』：七瀬遙 • 『ブルーロック』：凪誠士郎 • 『フルーツバスケット』：草摩由希 • 『呪術廻戦』：真人 • 『ダイヤのA』：降谷暁 • 『デート・ア・ライブ』：五河士道 • 『ブラッククローバー』：ユノ • 『WIND BREAKER』：蘇枋隼飛 | G95: https://www.aoni.co.jp/search/shimazaki-nobunaga.html | H95: Voice Sample
A96: ="va_" & TEXT(ROW(A95), "000") -> va_095 | B96: 下野紘 | C96: T | D96: =IF(E96="", "", IF(E96>=3, "表示", "非表示")) -> 表示 | E96: =IFERROR(__xludf.DUMMYFUNCTION("""COMPUTED_VALUE"""),10) -> 10 | F96: • 『鬼滅の刃』：我妻善逸 • 『うたの☆プリンスさまっ♪』：来栖翔 • 『僕のヒーローアカデミア』：荼毘 • 『進撃の巨人』：コニー・スプリンガー • 『バカとテストと召喚獣』：吉井明久 • 『ACCA13区監察課』：ジーン・オータス | G96: https://www.imenterprise.jp/profile.php?id=38 | H96: ボイスサンプル
A97: ="va_" & TEXT(ROW(A96), "000") -> va_096 | B97: 白井悠介 | C97: T | D97: =IF(E97="", "", IF(E97>=3, "表示", "非表示")) -> 表示 | E97: =IFERROR(__xludf.DUMMYFUNCTION("""COMPUTED_VALUE"""),15) -> 15 | F97: • 『ヒプノシスマイク』：飴村乱数 • 『アイドリッシュセブン』：二階堂大和 • 『佐々木と宮野』：佐々木秀鳴 • 『美男高校地球防衛部LOVE!』：鳴子硫黄 • 『戦闘員、派遣します!』：戦闘員六号 • 『誰ソ彼ホテル』：大外聖生 | G97: https://www.earlywing.co.jp/actordb/catec/talent_shiraiyusuke | H97: Voice Sample
A98: ="va_" & TEXT(ROW(A97), "000") -> va_097 | B98: 杉田智和 | C98: T | D98: =IF(E98="", "", IF(E98>=3, "表示", "非表示")) -> 表示 | E98: =IFERROR(__xludf.DUMMYFUNCTION("""COMPUTED_VALUE"""),10) -> 10 | F98: • 『銀魂』：坂田銀時 • 『涼宮ハルヒの憂鬱』：キョン • 『ジョジョの奇妙な冒険』：ジョセフ・ジョースター • 『無職転生 ～異世界行ったら本気だす～』：前世の男 • 『鬼滅の刃』：悲鳴嶼行冥 • 『七つの大罪』：エスカノール • 『SAKAMOTO DAYS』：坂本太郎 | G98: https://agrs.co.jp/voiceact/ | H98: Sample Voice
A99: ="va_" & TEXT(ROW(A98), "000") -> va_098 | B99: 杉山紀彰 | C99: T | D99: =IF(E99="", "", IF(E99>=3, "表示", "非表示")) -> 表示 | E99: =IFERROR(__xludf.DUMMYFUNCTION("""COMPUTED_VALUE"""),9) -> 9 | F99: • 『NARUTO -ナルト-』：うちはサスケ • 『BLEACH』：石田雨竜 • 『Fate/stay night』：衛宮士郎 • 『ヘタリア』：イギリス • 『魔法使いの約束』：ネロ • 『ONE PIECE』：ヴィンスモーク・イチジ • 『ディズニー ツイステッドワンダーランド』：グリム | G99: https://stay-luck.com/talent/sugiyama-noriaki/ | H99: Voice Sample
A100: ="va_" & TEXT(ROW(A99), "000") -> va_099 | B100: 鈴木千尋 | C100: T | D100: =IF(E100="", "", IF(E100>=3, "表示", "非表示")) -> 表示 | E100: =IFERROR(__xludf.DUMMYFUNCTION("""COMPUTED_VALUE"""),3) -> 3 | F100: • 『彼氏彼女の事情』：有馬総一郎 • 『エルフェンリート』：コウタ • 『砂ぼうず』：砂ぼうず • 『テニスの王子様』：神尾アキラ • 『Free!』：鴫野貴澄 • 『プリパラ』：クマ • 『テイルズ オブ ジ アビス』：ルーク・フォン・ファブレ
...

Sheet 声優50音順
A1: 声優名 | B1: 読み仮名
A2: 赤羽根健治 | B2: あかばねけんじ
A3: 阿座上洋平 | B3: あざかみようへい
A4: 浅沼晋太郎 | B4: あさぬましんたろう
A5: 浅利遼太 | B5: あさりりょうた
A6: 阿部敦 | B6: あべあつし
A7: 天﨑滉平 | B7: あまさきこうへい
A8: 蒼井翔太 | B8: あおいしょうた
A9: 井口祐一 | B9: いぐちゆういち
A10: 石川界人 | B10: いしかわかいと
A11: 石谷春貴 | B11: いしやはるき
A12: 市川蒼 | B12: いちかわあおい
... A360: 小池貴大 | B360: こいけたかひろ

Sheet 定番声優一覧
A1: 声優ID | B1: 声優名 | C1: 声優一覧に表示 | D1: 定番声優に表示 | E1: 出演作品数
A2: =IFERROR(__xludf.DUMMYFUNCTION("SORT(FILTER('声優一覧'!A2:F1001, ( ('声優一覧'!D2:D1001=""表示"") * ('声優一覧'!C2:C1001<>""F"") ) + ISNUMBER(MATCH('声優一覧'!B2:B1001, {}, 0))), 5, FALSE) "),"va_083") -> va_083 | B2: =IFERROR(__xludf.DUMMYFUNCTION("""COMPUTED_VALUE"""),"斉藤壮馬") -> 斉藤壮馬 | C2: =IFERROR(__xludf.DUMMYFUNCTION("""COMPUTED_VALUE"""),"T") -> T | D2: =IFERROR(__xludf.DUMMYFUNCTION("""COMPUTED_VALUE"""),"表示") -> 表示 | E2: =IFERROR(__xludf.DUMMYFUNCTION("""COMPUTED_VALUE"""),27) -> 27 | F2: =IFERROR(__xludf.DUMMYFUNCTION("""COMPUTED_VALUE"""),"• 『ヒプノシスマイク』：夢野幻太郎 • 『アイドリッシュセブン』：九条天 • 『るろうに剣心 -明治剣客浪漫譚-』：緋村剣心 • 『ブルーロック』：千切豹馬 • 『ハイキュー!!』：山口忠 • 『刀剣乱舞』：鶴丸国永 • 『あんさんぶるスターズ！』：葵ひなた／葵ゆうた") -> • 『ヒプノシスマイク』：夢野幻太郎 • 『アイドリッシュセブン』：九条天 • 『るろうに剣心 -明治剣客浪漫譚-』：緋村剣心 • 『ブルーロック』：千切豹馬 • 『ハイキュー!!』：山口忠 • 『刀剣乱舞』：鶴丸国永 • 『あんさんぶるスターズ！』：葵ひなた／葵ゆうた
A3: =IFERROR(__xludf.DUMMYFUNCTION("""COMPUTED_VALUE"""),"va_161") -> va_161 | B3: =IFERROR(__xludf.DUMMYFUNCTION("""COMPUTED_VALUE"""),"古川慎") -> 古川慎 | C3: =IFERROR(__xludf.DUMMYFUNCTION("""COMPUTED_VALUE"""),"T") -> T | D3: =IFERROR(__xludf.DUMMYFUNCTION("""COMPUTED_VALUE"""),"表示") -> 表示 | E3: =IFERROR(__xludf.DUMMYFUNCTION("""COMPUTED_VALUE"""),25) -> 25 | F3: =IFERROR(__xludf.DUMMYFUNCTION("""COMPUTED_VALUE"""),"• 『ワンパンマン』： サイタマ • 『かぐや様は告らせたい〜天才たちの恋愛頭脳戦〜』： 白銀御行 • 『転生したらスライムだった件』： ベニマル • 『憂国のモリアーティ』： シャーロック・ホームズ • 『ゴールデンタイム』： 多田万里 • 『吸血鬼すぐ死ぬ』： ロナルド • 『機動戦士ガンダム 水星の魔女』： シャディク・ゼネリ") -> • 『ワンパンマン』： サイタマ • 『かぐや様は告らせたい〜天才たちの恋愛頭脳戦〜』： 白銀御行 • 『転生したらスライムだった件』： ベニマル • 『憂国のモリアーティ』： シャーロック・ホームズ • 『ゴールデンタイム』： 多田万里 • 『吸血鬼すぐ死ぬ』： ロナルド • 『機動戦士ガンダム 水星の魔女』： シャディク・ゼネリ
A4: =IFERROR(__xludf.DUMMYFUNCTION("""COMPUTED_VALUE"""),"va_048") -> va_048 | B4: =IFERROR(__xludf.DUMMYFUNCTION("""COMPUTED_VALUE"""),"柿原徹也") -> 柿原徹也 | C4: =IFERROR(__xludf.DUMMYFUNCTION("""COMPUTED_VALUE"""),"T") -> T | D4: =IFERROR(__xludf.DUMMYFUNCTION("""COMPUTED_VALUE"""),"表示") -> 表示 | E4: =IFERROR(__xludf.DUMMYFUNCTION("""COMPUTED_VALUE"""),23) -> 23 | F4: =IFERROR(__xludf.DUMMYFUNCTION("""COMPUTED_VALUE"""),"• 『FAIRY TAIL』：ナツ・ドラグニル • 『天元突破グレンラガン』：シモン • 『弱虫ペダル』：東堂尽八 • 『青の祓魔師』：アマイモン • 『B-PROJECT』：音済百太郎 • 『ツキウタ。』：葉月陽") -> • 『FAIRY TAIL』：ナツ・ドラグニル • 『天元突破グレンラガン』：シモン • 『弱虫ペダル』：東堂尽八 • 『青の祓魔師』：アマイモン • 『B-PROJECT』：音済百太郎 • 『ツキウタ。』：葉月陽
A5: =IFERROR(__xludf.DUMMYFUNCTION("""COMPUTED_VALUE"""),"va_169") -> va_169 | B5: =IFERROR(__xludf.DUMMYFUNCTION("""COMPUTED_VALUE"""),"前野智昭") -> 前野智昭 | C5: =IFERROR(__xludf.DUMMYFUNCTION("""COMPUTED_VALUE"""),"T") -> T | D5: =IFERROR(__xludf.DUMMYFUNCTION("""COMPUTED_VALUE"""),"表示") -> 表示 | E5: =IFERROR(__xludf.DUMMYFUNCTION("""COMPUTED_VALUE"""),23) -> 23 | F5: =IFERROR(__xludf.DUMMYFUNCTION("""COMPUTED_VALUE"""),"• 『図書館戦争』：堂上篤 • 『うたの☆プリンスさまっ♪』：カミュ • 『KING OF PRISM』：速水ヒロ • 『はたらく細胞』：白血球（好中球） • 『転生したらスライムだった件』：ヴェルドラ • 『原神』：鍾離 • 『暁のヨナ』：ソン・ハク • 『刀剣乱舞』：山姥切国広") -> • 『図書館戦争』：堂上篤 • 『うたの☆プリンスさまっ♪』：カミュ • 『KING OF PRISM』：速水ヒロ • 『はたらく細胞』：白血球（好中球） • 『転生したらスライムだった件』：ヴェルドラ • 『原神』：鍾離 • 『暁のヨナ』：ソン・ハク • 『刀剣乱舞』：山姥切国広
A6: =IFERROR(__xludf.DUMMYFUNCTION("""COMPUTED_VALUE"""),"va_030") -> va_030 | B6: =IFERROR(__xludf.DUMMYFUNCTION("""COMPUTED_VALUE"""),"内田雄馬") -> 内田雄馬 | C6: =IFERROR(__xludf.DUMMYFUNCTION("""COMPUTED_VALUE"""),"T") -> T | D6: =IFERROR(__xludf.DUMMYFUNCTION("""COMPUTED_VALUE"""),"表示") -> 表示 | E6: =IFERROR(__xludf.DUMMYFUNCTION("""COMPUTED_VALUE"""),21) -> 21 | F6: =IFERROR(__xludf.DUMMYFUNCTION("""COMPUTED_VALUE"""),"• 『呪術廻戦』：伏黒恵 • 『BANANA FISH』：アッシュ・リンクス • 『ブルーロック』：御影玲王 • 『WIND BREAKER』：桜遥 • 『フルーツバスケット』：草摩夾 • 『マクロスΔ』：ハヤテ・インメルマン • 『りゅうおうのおしごと！』：九頭竜八一") -> • 『呪術廻戦』：伏黒恵 • 『BANANA FISH』：アッシュ・リンクス • 『ブルーロック』：御影玲王 • 『WIND BREAKER』：桜遥 • 『フルーツバスケット』：草摩夾 • 『マクロスΔ』：ハヤテ・インメルマン • 『りゅうおうのおしごと！』：九頭竜八一
A7: =IFERROR(__xludf.DUMMYFUNCTION("""COMPUTED_VALUE"""),"va_033") -> va_033 | B7: =IFERROR(__xludf.DUMMYFUNCTION("""COMPUTED_VALUE"""),"梅原裕一郎") -> 梅原裕一郎 | C7: =IFERROR(__xludf.DUMMYFUNCTION("""COMPUTED_VALUE"""),"T") -> T | D7: =IFERROR(__xludf.DUMMYFUNCTION("""COMPUTED_VALUE"""),"表示") -> 表示 | E7: =IFERROR(__xludf.DUMMYFUNCTION("""COMPUTED_VALUE"""),21) -> 21 | F7: =IFERROR(__xludf.DUMMYFUNCTION("""COMPUTED_VALUE"""),"• 『ゴブリンスレイヤー』：ゴブリンスレイヤー • 『美男高校地球防衛部LOVE!』：由布院煙 • 『あんさんぶるスターズ！』：蓮巳敬人 • 『アイドルマスター SideM』：鷹城恭二 • 『魔王学院の不適合者』：アノス・ヴォルディゴード • 『WIND BREAKER』：十亀条 • 『ディズニー ツイステッドワンダーランド』：レオナ・キングスカラー") -> • 『ゴブリンスレイヤー』：ゴブリンスレイヤー • 『美男高校地球防衛部LOVE!』：由布院煙 • 『あんさんぶるスターズ！』：蓮巳敬人 • 『アイドルマスター SideM』：鷹城恭二 • 『魔王学院の不適合者』：アノス・ヴォルディゴード • 『WIND BREAKER』：十亀条 • 『ディズニー ツイステッドワンダーランド』：レオナ・キングスカラー
A8: =IFERROR(__xludf.DUMMYFUNCTION("""COMPUTED_VALUE"""),"va_042") -> va_042 | B8: =IFERROR(__xludf.DUMMYFUNCTION("""COMPUTED_VALUE"""),"岡本信彦") -> 岡本信彦 | C8: =IFERROR(__xludf.DUMMYFUNCTION("""COMPUTED_VALUE"""),"T") -> T | D8: =IFERROR(__xludf.DUMMYFUNCTION("""COMPUTED_VALUE"""),"表示") -> 表示 | E8: =IFERROR(__xludf.DUMMYFUNCTION("""COMPUTED_VALUE"""),21) -> 21 | F8: =IFERROR(__xludf.DUMMYFUNCTION("""COMPUTED_VALUE"""),"• 『僕のヒーローアカデミア』：爆豪勝己 • 『青の祓魔師』：奥村燐 • 『とある魔術の禁書目録』：一方通行（アクセラレータ） • 『ハイキュー!!』：西谷夕 • 『暗殺教室』：赤羽業 • 『葬送のフリーレン』：ヒンメル • 『鬼滅の刃』：不死川玄弥") -> • 『僕のヒーローアカデミア』：爆豪勝己 • 『青の祓魔師』：奥村燐 • 『とある魔術の禁書目録』：一方通行（アクセラレータ） • 『ハイキュー!!』：西谷夕 • 『暗殺教室』：赤羽業 • 『葬送のフリーレン』：ヒンメル • 『鬼滅の刃』：不死川玄弥
A9: =IFERROR(__xludf.DUMMYFUNCTION("""COMPUTED_VALUE"""),"va_075") -> va_075 | B9: =IFERROR(__xludf.DUMMYFUNCTION("""COMPUTED_VALUE"""),"小林裕介") -> 小林裕介 | C9: =IFERROR(__xludf.DUMMYFUNCTION("""COMPUTED_VALUE"""),"T") -> T | D9: =IFERROR(__xludf.DUMMYFUNCTION("""COMPUTED_VALUE"""),"表示") -> 表示 | E9: =IFERROR(__xludf.DUMMYFUNCTION("""COMPUTED_VALUE"""),21) -> 21 | F9: =IFERROR(__xludf.DUMMYFUNCTION("""COMPUTED_VALUE"""),"• 『Re:ゼロから始める異世界生活』：ナツキ・スバル • 『Dr.STONE』：石神千空 • 『炎炎ノ消防隊』：アーサー・ボイル • 『アルスラーン戦記』：アルスラーン • 『ファイアーエムブレム 風花雪月』：ベレト • 『Paradox Live』：矢戸乃上珂波汰") -> • 『Re:ゼロから始める異世界生活』：ナツキ・スバル • 『Dr.STONE』：石神千空 • 『炎炎ノ消防隊』：アーサー・ボイル • 『アルスラーン戦記』：アルスラーン • 『ファイアーエムブレム 風花雪月』：ベレト • 『Paradox Live』：矢戸乃上珂波汰
A10: =IFERROR(__xludf.DUMMYFUNCTION("""COMPUTED_VALUE"""),"va_131") -> va_131 | B10: =IFERROR(__xludf.DUMMYFUNCTION("""COMPUTED_VALUE"""),"豊永利行") -> 豊永利行 | C10: =IFERROR(__xludf.DUMMYFUNCTION("""COMPUTED_VALUE"""),"T") -> T | D10: =IFERROR(__xludf.DUMMYFUNCTION("""COMPUTED_VALUE"""),"表示") -> 表示 | E10: =IFERROR(__xludf.DUMMYFUNCTION("""COMPUTED_VALUE"""),21) -> 21 | F10: =IFERROR(__xludf.DUMMYFUNCTION("""COMPUTED_VALUE"""),"• 『デュラララ!!』：竜ヶ峰帝人 • 『ユーリ!!! on ICE』：勝生勇利 • 『Free!』：椎名旭 • 『文豪ストレイドッグス』：谷崎潤一郎 • 『ハイキュー!!』：白布賢二郎 • 『ドラゴンクエスト ダイの大冒険』：ポップ • 『東京喰種トーキョーグール』：永近英良") -> • 『デュラララ!!』：竜ヶ峰帝人 • 『ユーリ!!! on ICE』：勝生勇利 • 『Free!』：椎名旭 • 『文豪ストレイドッグス』：谷崎潤一郎 • 『ハイキュー!!』：白布賢二郎 • 『ドラゴンクエスト ダイの大冒険』：ポップ • 『東京喰種トーキョーグール』：永近英良
A11: =IFERROR(__xludf.DUMMYFUNCTION("""COMPUTED_VALUE"""),"va_188") -> va_188 | B11: =IFERROR(__xludf.DUMMYFUNCTION("""COMPUTED_VALUE"""),"八代拓") -> 八代拓 | C11: =IFERROR(__xludf.DUMMYFUNCTION("""COMPUTED_VALUE"""),"T") -> T | D11: =IFERROR(__xludf.DUMMYFUNCTION("""COMPUTED_VALUE"""),"表示") -> 表示 | E11: =IFERROR(__xludf.DUMMYFUNCTION("""COMPUTED_VALUE"""),21) -> 21 | F11: =IFERROR(__xludf.DUMMYFUNCTION("""COMPUTED_VALUE"""),"• 『KING OF PRISM』：十王院カケル • 『タイガーマスクW』：東ナオト／タイガーマスク • 『炎炎ノ消防隊』：ヴァルカン・ジョゼフ • 『アイドルマスター SideM』：柏木翼 • 『ドメスティックな彼女』：藤井夏生 • 『るろうに剣心 －明治剣客浪漫譚－』：相楽左之助 • 『ポケットモンスター』（2023年版）：フリード • 『千銃士』：ブラウン・ベス") -> • 『KING OF PRISM』：十王院カケル • 『タイガーマスクW』：東ナオト／タイガーマスク • 『炎炎ノ消防隊』：ヴァルカン・ジョゼフ • 『アイドルマスター SideM』：柏木翼 • 『ドメスティックな彼女』：藤井夏生 • 『るろうに剣心 －明治剣客浪漫譚－』：相楽左之助 • 『ポケットモンスター』（2023年版）：フリード • 『千銃士』：ブラウン・ベス
A12: =IFERROR(__xludf.DUMMYFUNCTION("""COMPUTED_VALUE"""),"va_035") -> va_035 | B12: =IFERROR(__xludf.DUMMYFUNCTION("""COMPUTED_VALUE"""),"江口拓也") -> 江口拓也 | C12: =IFERROR(__xludf.DUMMYFUNCTION("""COMPUTED_VALUE"""),"T") -> T | D12: =IFERROR(__xludf.DUMMYFUNCTION("""COMPUTED_VALUE"""),"表示") -> 表示 | E12: =IFERROR(__xludf.DUMMYFUNCTION("""COMPUTED_VALUE"""),20) -> 20 | F12: =IFERROR(__xludf.DUMMYFUNCTION("""COMPUTED_VALUE"""),"• 『SPY×FAMILY』：ロイド・フォージャー • 『やはり俺の青春ラブコメはまちがっている。』：比企谷八幡 • 『アイドリッシュセブン』：六弥ナギ • 『東京リベンジャーズ』：半間修二 • 『転生したらスライムだった件』：ソウエイ • 『マッシュル-MASHLE-』：ドット・バレット • 『あんさんぶるスターズ！』：日々樹渉") -> • 『SPY×FAMILY』：ロイド・フォージャー • 『やはり俺の青春ラブコメはまちがっている。』：比企谷八幡 • 『アイドリッシュセブン』：六弥ナギ • 『東京リベンジャーズ』：半間修二 • 『転生したらスライムだった件』：ソウエイ • 『マッシュル-MASHLE-』：ドット・バレット • 『あんさんぶるスターズ！』：日々樹渉
A13: =IFERROR(__xludf.DUMMYFUNCTION("""COMPUTED_VALUE"""),"va_046") -> va_046 | B13: =IFERROR(__xludf.DUMMYFUNCTION("""COMPUTED_VALUE"""),"小野友樹") -> 小野友樹 | C13: =IFERROR(__xludf.DUMMYFUNCTION("""COMPUTED_VALUE"""),"T") -> T | D13: =IFERROR(__xludf.DUMMYFUNCTION("""COMPUTED_VALUE"""),"表示") -> 表示 | E13: =IFERROR(__xludf.DUMMYFUNCTION("""COMPUTED_VALUE"""),20) -> 20 | F13: =IFERROR(__xludf.DUMMYFUNCTION("""COMPUTED_VALUE"""),"• 『黒子のバスケ』：火神大我 • 『ジョジョの奇妙な冒険 ダイヤモンドは砕けない』：東方仗助 • 『あんさんぶるスターズ！』：大神晃牙 • 『抱かれたい男1位に脅されています。』：東谷准太 • 『ブルーロック』：國神錬介") -> • 『黒子のバスケ』：火神大我 • 『ジョジョの奇妙な冒険 ダイヤモンドは砕けない』：東方仗助 • 『あんさんぶるスターズ！』：大神晃牙 • 『抱かれたい男1位に脅されています。』：東谷准太 • 『ブルーロック』：國神錬介
A14: =IFERROR(__xludf.DUMMYFUNCTION("""COMPUTED_VALUE"""),"va_090") -> va_090 | B14: =IFERROR(__xludf.DUMMYFUNCTION("""COMPUTED_VALUE"""),"佐藤拓也") -> 佐藤拓也 | C14: =IFERROR(__xludf.DUMMYFUNCTION("""COMPUTED_VALUE"""),"T") -> T | D14: =IFERROR(__xludf.DUMMYFUNCTION("""COMPUTED_VALUE"""),"表示") -> 表示 | E14: =IFERROR(__xludf.DUMMYFUNCTION("""COMPUTED_VALUE"""),20) -> 20 | F14: =IFERROR(__xludf.DUMMYFUNCTION("""COMPUTED_VALUE"""),"• 『アイドリッシュセブン』：十龍之介 • 『カードファイト!! ヴァンガード』：櫂トシキ • 『ジョジョの奇妙な冒険』：シーザー・アントニオ・ツェペリ • 『憂国のモリアーティ』：アルバート・ジェームズ・モリアーティ • 『刀剣乱舞』：燭台切光忠 • 『魔入りました！入間くん』：サブノック・サブロ • 『キャプテン翼』：日向小次郎") -> • 『アイドリッシュセブン』：十龍之介 • 『カードファイト!! ヴァンガード』：櫂トシキ • 『ジョジョの奇妙な冒険』：シーザー・アントニオ・ツェペリ • 『憂国のモリアーティ』：アルバート・ジェームズ・モリアーティ • 『刀剣乱舞』：燭台切光忠 • 『魔入りました！入間くん』：サブノック・サブロ • 『キャプテン翼』：日向小次郎
A15: =IFERROR(__xludf.DUMMYFUNCTION("""COMPUTED_VALUE"""),"va_117") -> va_117 | B15: =IFERROR(__xludf.DUMMYFUNCTION("""COMPUTED_VALUE"""),"田丸篤志") -> 田丸篤志 | C15: =IFERROR(__xludf.DUMMYFUNCTION("""COMPUTED_VALUE"""),"T") -> T | D15: =IFERROR(__xludf.DUMMYFUNCTION("""COMPUTED_VALUE"""),"表示") -> 表示 | E15: =IFERROR(__xludf.DUMMYFUNCTION("""COMPUTED_VALUE"""),20) -> 20 | F15: =IFERROR(__xludf.DUMMYFUNCTION("""COMPUTED_VALUE"""),"• 『A3!』：月岡紬 • 『ディズニー ツイステッドワンダーランド』：アズール・アーシェングロット • 『刀剣乱舞』：一期一振 • 『七つの魔剣が支配する』：オリバー＝ホーン • 『魔法科高校の劣等生』：吉田幹比古 • 『ハイキュー!!』：国見英 • 『月がきれい』：比良拓海") -> • 『A3!』：月岡紬 • 『ディズニー ツイステッドワンダーランド』：アズール・アーシェングロット • 『刀剣乱舞』：一期一振 • 『七つの魔剣が支配する』：オリバー＝ホーン • 『魔法科高校の劣等生』：吉田幹比古 • 『ハイキュー!!』：国見英 • 『月がきれい』：比良拓海
A16: =IFERROR(__xludf.DUMMYFUNCTION("""COMPUTED_VALUE"""),"va_150") -> va_150 | B16: =IFERROR(__xludf.DUMMYFUNCTION("""COMPUTED_VALUE"""),"花江夏樹") -> 花江夏樹 | C16: =IFERROR(__xludf.DUMMYFUNCTION("""COMPUTED_VALUE"""),"T") -> T | D16: =IFERROR(__xludf.DUMMYFUNCTION("""COMPUTED_VALUE"""),"表示") -> 表示 | E16: =IFERROR(__xludf.DUMMYFUNCTION("""COMPUTED_VALUE"""),20) -> 20 | F16: =IFERROR(__xludf.DUMMYFUNCTION("""COMPUTED_VALUE"""),"• 『鬼滅の刃』： 竈門炭治郎 • 『東京喰種トーキョーグール』： 金木研／佐々木琲世 • 『四月は君の嘘』： 有馬公生 • 『ヴァニタスの手記』： ヴァニタス • 『サマータイムレンダ』： 網代慎平 • 『ALDNOAH.ZERO』： 界塚伊奈帆 • 『ダイヤのA』： 小湊春市") -> • 『鬼滅の刃』： 竈門炭治郎 • 『東京喰種トーキョーグール』： 金木研／佐々木琲世 • 『四月は君の嘘』： 有馬公生 • 『ヴァニタスの手記』： ヴァニタス • 『サマータイムレンダ』： 網代慎平 • 『ALDNOAH.ZERO』： 界塚伊奈帆 • 『ダイヤのA』： 小湊春市
A17: =IFERROR(__xludf.DUMMYFUNCTION("""COMPUTED_VALUE"""),"va_066") -> va_066 | B17: =IFERROR(__xludf.DUMMYFUNCTION("""COMPUTED_VALUE"""),"木村良平") -> 木村良平 | C17: =IFERROR(__xludf.DUMMYFUNCTION("""COMPUTED_VALUE"""),"T") -> T | D17: =IFERROR(__xludf.DUMMYFUNCTION("""COMPUTED_VALUE"""),"表示") -> 表示 | E17: =IFERROR(__xludf.DUMMYFUNCTION("""COMPUTED_VALUE"""),19) -> 19 | F17: =IFERROR(__xludf.DUMMYFUNCTION("""COMPUTED_VALUE"""),"• 『黒子のバスケ』：黄瀬涼太 • 『ハイキュー!!』：木兎光太郎 • 『魔道祖師』：魏無羨 • 『原神』：タルタリヤ • 『DIABOLIK LOVERS』：無神コウ • 『ツキウタ。』：霜月隼 • 『東のエデン』：滝沢朗") -> • 『黒子のバスケ』：黄瀬涼太 • 『ハイキュー!!』：木兎光太郎 • 『魔道祖師』：魏無羨 • 『原神』：タルタリヤ • 『DIABOLIK LOVERS』：無神コウ • 『ツキウタ。』：霜月隼 • 『東のエデン』：滝沢朗
A18: =IFERROR(__xludf.DUMMYFUNCTION("""COMPUTED_VALUE"""),"va_094") -> va_094 | B18: =IFERROR(__xludf.DUMMYFUNCTION("""COMPUTED_VALUE"""),"島﨑信長") -> 島﨑信長 | C18: =IFERROR(__xludf.DUMMYFUNCTION("""COMPUTED_VALUE"""),"T") -> T | D18: =IFERROR(__xludf.DUMMYFUNCTION("""COMPUTED_VALUE"""),"表示") -> 表示 | E18: =IFERROR(__xludf.DUMMYFUNCTION("""COMPUTED_VALUE"""),19) -> 19 | F18: =IFERROR(__xludf.DUMMYFUNCTION("""COMPUTED_VALUE"""),"• 『Free!』：七瀬遙 • 『ブルーロック』：凪誠士郎 • 『フルーツバスケット』：草摩由希 • 『呪術廻戦』：真人 • 『ダイヤのA』：降谷暁 • 『デート・ア・ライブ』：五河士道 • 『ブラッククローバー』：ユノ • 『WIND BREAKER』：蘇枋隼飛") -> • 『Free!』：七瀬遙 • 『ブルーロック』：凪誠士郎 • 『フルーツバスケット』：草摩由希 • 『呪術廻戦』：真人 • 『ダイヤのA』：降谷暁 • 『デート・ア・ライブ』：五河士道 • 『ブラッククローバー』：ユノ • 『WIND BREAKER』：蘇枋隼飛
A19: =IFERROR(__xludf.DUMMYFUNCTION("""COMPUTED_VALUE"""),"va_112") -> va_112 | B19: =IFERROR(__xludf.DUMMYFUNCTION("""COMPUTED_VALUE"""),"武内駿輔") -> 武内駿輔 | C19: =IFERROR(__xludf.DUMMYFUNCTION("""COMPUTED_VALUE"""),"T") -> T | D19: =IFERROR(__xludf.DUMMYFUNCTION("""COMPUTED_VALUE"""),"表示") -> 表示 | E19: =IFERROR(__xludf.DUMMYFUNCTION("""COMPUTED_VALUE"""),19) -> 19 | F19: =IFERROR(__xludf.DUMMYFUNCTION("""COMPUTED_VALUE"""),"• 『遊☆戯☆王VRAINS』：鴻上了見／リボルバー • 『THE FIRST SLAM DUNK』：沢北栄治 • 『KING OF PRISM』：大和アレクサンダー • 『アイドルマスター シンデレラガールズ』：プロデューサー • 『アナと雪の女王2』：オラフ • 『機動戦士ガンダム ククルス・ドアンの島』：ククルス・ドアン") -> • 『遊☆戯☆王VRAINS』：鴻上了見／リボルバー • 『THE FIRST SLAM DUNK』：沢北栄治 • 『KING OF PRISM』：大和アレクサンダー • 『アイドルマスター シンデレラガールズ』：プロデューサー • 『アナと雪の女王2』：オラフ • 『機動戦士ガンダム ククルス・ドアンの島』：ククルス・ドアン
A20: =IFERROR(__xludf.DUMMYFUNCTION("""COMPUTED_VALUE"""),"va_102") -> va_102 | B20: =IFERROR(__xludf.DUMMYFUNCTION("""COMPUTED_VALUE"""),"諏訪部順一") -> 諏訪部順一 | C20: =IFERROR(__xludf.DUMMYFUNCTION("""COMPUTED_VALUE"""),"T") -> T | D20: =IFERROR(__xludf.DUMMYFUNCTION("""COMPUTED_VALUE"""),"表示") -> 表示 | E20: =IFERROR(__xludf.DUMMYFUNCTION("""COMPUTED_VALUE"""),18) -> 18 | F20: =IFERROR(__xludf.DUMMYFUNCTION("""COMPUTED_VALUE"""),"• 『テニスの王子様』：跡部景吾 • 『Fate/stay night』：アーチャー • 『うたの☆プリンスさまっ♪』：神宮寺レン • 『ユーリ!!! on ICE』：ヴィクトル・ニキフォロフ • 『呪術廻戦』：両面宿儺 • 『黒執事』：アンダーテイカー • 『BLEACH』：グリムジョー・ジャガージャック • 『僕のヒーローアカデミア』：相澤消太") -> • 『テニスの王子様』：跡部景吾 • 『Fate/stay night』：アーチャー • 『うたの☆プリンスさまっ♪』：神宮寺レン • 『ユーリ!!! on ICE』：ヴィクトル・ニキフォロフ • 『呪術廻戦』：両面宿儺 • 『黒執事』：アンダーテイカー • 『BLEACH』：グリムジョー・ジャガージャック • 『僕のヒーローアカデミア』：相澤消太
A21: =IFERROR(__xludf.DUMMYFUNCTION("""COMPUTED_VALUE"""),"va_114") -> va_114 | B21: =IFERROR(__xludf.DUMMYFUNCTION("""COMPUTED_VALUE"""),"立花慎之介") -> 立花慎之介 | C21: =IFERROR(__xludf.DUMMYFUNCTION("""COMPUTED_VALUE"""),"T") -> T | D21: =IFERROR(__xludf.DUMMYFUNCTION("""COMPUTED_VALUE"""),"表示") -> 表示 | E21: =IFERROR(__xludf.DUMMYFUNCTION("""COMPUTED_VALUE"""),18) -> 18 | F21: =IFERROR(__xludf.DUMMYFUNCTION("""COMPUTED_VALUE"""),"• 『アイドリッシュセブン』：千（ユキ） • 『神様はじめました』：巴衛 • 『ハイキュー!!』：夜久衛輔 • 『世界一初恋』：吉野千秋 • 『セキレイ』：佐橋皆人 • 『恋と深空』：ホムラ") -> • 『アイドリッシュセブン』：千（ユキ） • 『神様はじめました』：巴衛 • 『ハイキュー!!』：夜久衛輔 • 『世界一初恋』：吉野千秋 • 『セキレイ』：佐橋皆人 • 『恋と深空』：ホムラ
A22: =IFERROR(__xludf.DUMMYFUNCTION("""COMPUTED_VALUE"""),"va_132") -> va_132 | B22: =IFERROR(__xludf.DUMMYFUNCTION("""COMPUTED_VALUE"""),"鳥海浩輔") -> 鳥海浩輔 | C22: =IFERROR(__xludf.DUMMYFUNCTION("""COMPUTED_VALUE"""),"T") -> T | D22: =IFERROR(__xludf.DUMMYFUNCTION("""COMPUTED_VALUE"""),"表示") -> 表示 | E22: =IFERROR(__xludf.DUMMYFUNCTION("""COMPUTED_VALUE"""),18) -> 18 | F22: =IFERROR(__xludf.DUMMYFUNCTION("""COMPUTED_VALUE"""),"• 『うたの☆プリンスさまっ♪』：愛島セシル • 『薄桜鬼』：斎藤一 • 『刀剣乱舞』：三日月宗近 • 『弱虫ペダル』：今泉俊輔 • 『あんさんぶるスターズ！！』：三毛縞斑 • 『DIABOLIK LOVERS』：逆巻シュウ • 『ハイキュー!!』：佐久早聖臣 • 『ジョジョの奇妙な冒険 黄金の風』：グイード・ミスタ • 『NARUTO』：犬塚キバ • 『Thunderbolt Fantasy 東離劍遊紀』：凜雪鴉") -> • 『うたの☆プリンスさまっ♪』：愛島セシル • 『薄桜鬼』：斎藤一 • 『刀剣乱舞』：三日月宗近 • 『弱虫ペダル』：今泉俊輔 • 『あんさんぶるスターズ！！』：三毛縞斑 • 『DIABOLIK LOVERS』：逆巻シュウ • 『ハイキュー!!』：佐久早聖臣 • 『ジョジョの奇妙な冒険 黄金の風』：グイード・ミスタ • 『NARUTO』：犬塚キバ • 『Thunderbolt Fantasy 東離劍遊紀』：凜雪鴉
A23: =IFERROR(__xludf.DUMMYFUNCTION("""COMPUTED_VALUE"""),"va_172") -> va_172 | B23: =IFERROR(__xludf.DUMMYFUNCTION("""COMPUTED_VALUE"""),"増田俊樹") -> 増田俊樹 | C23: =IFERROR(__xludf.DUMMYFUNCTION("""COMPUTED_VALUE"""),"T") -> T | D23: =IFERROR(__xludf.DUMMYFUNCTION("""COMPUTED_VALUE"""),"表示") -> 表示 | E23: =IFERROR(__xludf.DUMMYFUNCTION("""COMPUTED_VALUE"""),18) -> 18 | F23: =IFERROR(__xludf.DUMMYFUNCTION("""COMPUTED_VALUE"""),"• 『僕のヒーローアカデミア』：切島鋭児郎 • 『アイドリッシュセブン』：和泉一織 • 『あんさんぶるスターズ！！』：朔間零 • 『刀剣乱舞』：加州清光 • 『遊☆戯☆王ZEXAL』：神代凌牙 • 『進撃の巨人』：ポルコ・ガリアード • 『ハイキュー!!』：縁下力") -> • 『僕のヒーローアカデミア』：切島鋭児郎 • 『アイドリッシュセブン』：和泉一織 • 『あんさんぶるスターズ！！』：朔間零 • 『刀剣乱舞』：加州清光 • 『遊☆戯☆王ZEXAL』：神代凌牙 • 『進撃の巨人』：ポルコ・ガリアード • 『ハイキュー!!』：縁下力
A24: =IFERROR(__xludf.DUMMYFUNCTION("""COMPUTED_VALUE"""),"va_009") -> va_009 | B24: =IFERROR(__xludf.DUMMYFUNCTION("""COMPUTED_VALUE"""),"蒼井翔太") -> 蒼井翔太 | C24: =IFERROR(__xludf.DUMMYFUNCTION("""COMPUTED_VALUE"""),"T") -> T | D24: =IFERROR(__xludf.DUMMYFUNCTION("""COMPUTED_VALUE"""),"表示") -> 表示 | E24: =IFERROR(__xludf.DUMMYFUNCTION("""COMPUTED_VALUE"""),17) -> 17 | F24: =IFERROR(__xludf.DUMMYFUNCTION("""COMPUTED_VALUE"""),"• 『うたの☆プリンスさまっ♪』：美風藍 • 『KING OF PRISM』：如月ルヰ • 『乙女ゲームの破滅フラグしかない悪役令嬢に転生してしまった…』：ジオルド・スティアート • 『ツキウタ。』：水無月涙 • 『ヴィジュアルプリズン』：ハイド・ジャイエ") -> • 『うたの☆プリンスさまっ♪』：美風藍 • 『KING OF PRISM』：如月ルヰ • 『乙女ゲームの破滅フラグしかない悪役令嬢に転生してしまった…』：ジオルド・スティアート • 『ツキウタ。』：水無月涙 • 『ヴィジュアルプリズン』：ハイド・ジャイエ
A25: =IFERROR(__xludf.DUMMYFUNCTION("""COMPUTED_VALUE"""),"va_051") -> va_051 | B25: =IFERROR(__xludf.DUMMYFUNCTION("""COMPUTED_VALUE"""),"梶裕貴") -> 梶裕貴 | C25: =IFERROR(__xludf.DUMMYFUNCTION("""COMPUTED_VALUE"""),"T") -> T | D25: =IFERROR(__xludf.DUMMYFUNCTION("""COMPUTED_VALUE"""),"表示") -> 表示 | E25: =IFERROR(__xludf.DUMMYFUNCTION("""COMPUTED_VALUE"""),17) -> 17 | F25: =IFERROR(__xludf.DUMMYFUNCTION("""COMPUTED_VALUE"""),"• 『進撃の巨人』：エレン・イェーガー • 『僕のヒーローアカデミア』：轟焦凍 • 『七つの大罪』：メリオダス • 『マギ』：アリババ・サルージャ • 『ハイキュー!!』：孤爪研磨 • 『黒執事』：フィニアン") -> • 『進撃の巨人』：エレン・イェーガー • 『僕のヒーローアカデミア』：轟焦凍 • 『七つの大罪』：メリオダス • 『マギ』：アリババ・サルージャ • 『ハイキュー!!』：孤爪研磨 • 『黒執事』：フィニアン
A26: =IFERROR(__xludf.DUMMYFUNCTION("""COMPUTED_VALUE"""),"va_141") -> va_141 | B26: =IFERROR(__xludf.DUMMYFUNCTION("""COMPUTED_VALUE"""),"西山宏太朗") -> 西山宏太朗 | C26: =IFERROR(__xludf.DUMMYFUNCTION("""COMPUTED_VALUE"""),"T") -> T | D26: =IFERROR(__xludf.DUMMYFUNCTION("""COMPUTED_VALUE"""),"表示") -> 表示 | E26: =IFERROR(__xludf.DUMMYFUNCTION("""COMPUTED_VALUE"""),17) -> 17 | F26: =IFERROR(__xludf.DUMMYFUNCTION("""COMPUTED_VALUE"""),"• 『アイドリッシュセブン』：棗巳波 • 『あんさんぶるスターズ！』：深海奏汰 • 『学園ベビーシッターズ』：鹿島竜一 • 『A3!』：皆木綴 • 『B-PROJECT』：寺光唯月 • 『美男高校地球防衛部LOVE！』：鬼怒川熱史 • 『スタンドマイヒーローズ』：都築京介") -> • 『アイドリッシュセブン』：棗巳波 • 『あんさんぶるスターズ！』：深海奏汰 • 『学園ベビーシッターズ』：鹿島竜一 • 『A3!』：皆木綴 • 『B-PROJECT』：寺光唯月 • 『美男高校地球防衛部LOVE！』：鬼怒川熱史 • 『スタンドマイヒーローズ』：都築京介
A27: =IFERROR(__xludf.DUMMYFUNCTION("""COMPUTED_VALUE"""),"va_124") -> va_124 | B27: =IFERROR(__xludf.DUMMYFUNCTION("""COMPUTED_VALUE"""),"寺島惇太") -> 寺島惇太 | C27: =IFERROR(__xludf.DUMMYFUNCTION("""COMPUTED_VALUE"""),"T") -> T | D27: =IFERROR(__xludf.DUMMYFUNCTION("""COMPUTED_VALUE"""),"表示") -> 表示 | E27: =IFERROR(__xludf.DUMMYFUNCTION("""COMPUTED_VALUE"""),16) -> 16 | F27: =IFERROR(__xludf.DUMMYFUNCTION("""COMPUTED_VALUE"""),"• 『KING OF PRISM』：一条シン • 『アイドルマスター SideM』：大河タケル • 『A3!』：御影密 • 『ツキプロ』：藤村衛 • 『Paradox Live』：闇堂四季 • 『この音とまれ！』：桐生桜介") -> • 『KING OF PRISM』：一条シン • 『アイドルマスター SideM』：大河タケル • 『A3!』：御影密 • 『ツキプロ』：藤村衛 • 『Paradox Live』：闇堂四季 • 『この音とまれ！』：桐生桜介
A28: =IFERROR(__xludf.DUMMYFUNCTION("""COMPUTED_VALUE"""),"va_013") -> va_013 | B28: =IFERROR(__xludf.DUMMYFUNCTION("""COMPUTED_VALUE"""),"石川界人") -> 石川界人 | C28: =IFERROR(__xludf.DUMMYFUNCTION("""COMPUTED_VALUE"""),"T") -> T | D28: =IFERROR(__xludf.DUMMYFUNCTION("""COMPUTED_VALUE"""),"表示") -> 表示 | E28: =IFERROR(__xludf.DUMMYFUNCTION("""COMPUTED_VALUE"""),15) -> 15 | F28: =IFERROR(__xludf.DUMMYFUNCTION("""COMPUTED_VALUE"""),"• 『ハイキュー!!』：影山飛雄 • 『ワンパンマン』：ジェノス • 『僕のヒーローアカデミア』：飯田天哉 • 『盾の勇者の成り上がり』：岩谷尚文 • 『青春ブタ野郎シリーズ』：梓川咲太 • 『わたしの幸せな結婚』：久堂清霞") -> • 『ハイキュー!!』：影山飛雄 • 『ワンパンマン』：ジェノス • 『僕のヒーローアカデミア』：飯田天哉 • 『盾の勇者の成り上がり』：岩谷尚文 • 『青春ブタ野郎シリーズ』：梓川咲太 • 『わたしの幸せな結婚』：久堂清霞
A29: =IFERROR(__xludf.DUMMYFUNCTION("""COMPUTED_VALUE"""),"va_096") -> va_096 | B29: =IFERROR(__xludf.DUMMYFUNCTION("""COMPUTED_VALUE"""),"白井悠介") -> 白井悠介 | C29: =IFERROR(__xludf.DUMMYFUNCTION("""COMPUTED_VALUE"""),"T") -> T | D29: =IFERROR(__xludf.DUMMYFUNCTION("""COMPUTED_VALUE"""),"表示") -> 表示 | E29: =IFERROR(__xludf.DUMMYFUNCTION("""COMPUTED_VALUE"""),15) -> 15 | F29: =IFERROR(__xludf.DUMMYFUNCTION("""COMPUTED_VALUE"""),"• 『ヒプノシスマイク』：飴村乱数 • 『アイドリッシュセブン』：二階堂大和 • 『佐々木と宮野』：佐々木秀鳴 • 『美男高校地球防衛部LOVE!』：鳴子硫黄 • 『戦闘員、派遣します!』：戦闘員六号 • 『誰ソ彼ホテル』：大外聖生") -> • 『ヒプノシスマイク』：飴村乱数 • 『アイドリッシュセブン』：二階堂大和 • 『佐々木と宮野』：佐々木秀鳴 • 『美男高校地球防衛部LOVE!』：鳴子硫黄 • 『戦闘員、派遣します!』：戦闘員六号 • 『誰ソ彼ホテル』：大外聖生
A30: =IFERROR(__xludf.DUMMYFUNCTION("""COMPUTED_VALUE"""),"va_147") -> va_147 | B30: =IFERROR(__xludf.DUMMYFUNCTION("""COMPUTED_VALUE"""),"畠中祐") -> 畠中祐 | C30: =IFERROR(__xludf.DUMMYFUNCTION("""COMPUTED_VALUE"""),"T") -> T | D30: =IFERROR(__xludf.DUMMYFUNCTION("""COMPUTED_VALUE"""),"表示") -> 表示 | E30: =IFERROR(__xludf.DUMMYFUNCTION("""COMPUTED_VALUE"""),15) -> 15 | F30: =IFERROR(__xludf.DUMMYFUNCTION("""COMPUTED_VALUE"""),"• 『遊☆戯☆王ZEXAL』：九十九遊馬 • 『僕のヒーローアカデミア』：上鳴電気 • 『KING OF PRISM』：香賀美タイガ • 『東京リベンジャーズ』：柴八戒 • 『SK∞ エスケーエイト』：喜屋武暦 • 『甲鉄城のカバネリ』：生駒 • 『うしおととら』：蒼月潮 • 『ウルトラマンZ』：ナツカワ・ハルキ • 『ザ・スーパーマリオブラザーズ・ムービー』：ルイージ") -> • 『遊☆戯☆王ZEXAL』：九十九遊馬 • 『僕のヒーローアカデミア』：上鳴電気 • 『KING OF PRISM』：香賀美タイガ • 『東京リベンジャーズ』：柴八戒 • 『SK∞ エスケーエイト』：喜屋武暦 • 『甲鉄城のカバネリ』：生駒 • 『うしおととら』：蒼月潮 • 『ウルトラマンZ』：ナツカワ・ハルキ • 『ザ・スーパーマリオブラザーズ・ムービー』：ルイージ
A31: =IFERROR(__xludf.DUMMYFUNCTION("""COMPUTED_VALUE"""),"va_157") -> va_157 | B31: =IFERROR(__xludf.DUMMYFUNCTION("""COMPUTED_VALUE"""),"平川大輔") -> 平川大輔 | C31: =IFERROR(__xludf.DUMMYFUNCTION("""COMPUTED_VALUE"""),"T") -> T | D31: =IFERROR(__xludf.DUMMYFUNCTION("""COMPUTED_VALUE"""),"表示") -> 表示 | E31: =IFERROR(__xludf.DUMMYFUNCTION("""COMPUTED_VALUE"""),15) -> 15 | F31: =IFERROR(__xludf.DUMMYFUNCTION("""COMPUTED_VALUE"""),"• 『ジョジョの奇妙な冒険 スターダストクルセイダース』： 花京院典明 • 『Free!』： 竜ヶ崎怜 • 『DIABOLIK LOVERS』： 逆巻ライト • 『イタズラなKiss』： 入江直樹 • 『School Days』： 伊藤誠 • 『巌窟王』： フランツ・デピネー • 『鬼滅の刃』： 魘夢") -> • 『ジョジョの奇妙な冒険 スターダストクルセイダース』： 花京院典明 • 『Free!』： 竜ヶ崎怜 • 『DIABOLIK LOVERS』： 逆巻ライト • 『イタズラなKiss』： 入江直樹 • 『School Days』： 伊藤誠 • 『巌窟王』： フランツ・デピネー • 『鬼滅の刃』： 魘夢
A32: =IFERROR(__xludf.DUMMYFUNCTION("""COMPUTED_VALUE"""),"va_183") -> va_183 | B32: =IFERROR(__xludf.DUMMYFUNCTION("""COMPUTED_VALUE"""),"村瀬歩") -> 村瀬歩 | C32: =IFERROR(__xludf.DUMMYFUNCTION("""COMPUTED_VALUE"""),"T") -> T | D32: =IFERROR(__xludf.DUMMYFUNCTION("""COMPUTED_VALUE"""),"表示") -> 表示 | E32: =IFERROR(__xludf.DUMMYFUNCTION("""COMPUTED_VALUE"""),15) -> 15 | F32: =IFERROR(__xludf.DUMMYFUNCTION("""COMPUTED_VALUE"""),"• 『ハイキュー!!』：日向翔陽 • 『魔入りました！入間くん』：鈴木入間 • 『あんさんぶるスターズ！』：姫宮桃李 • 『原神』：ウェンティ • 『アイドルマスター SideM』：姫野かのん • 『ひろがるスカイ！プリキュア』：夕凪ツバサ／キュアウィング • 『王様ランキング』：カゲ") -> • 『ハイキュー!!』：日向翔陽 • 『魔入りました！入間くん』：鈴木入間 • 『あんさんぶるスターズ！』：姫宮桃李 • 『原神』：ウェンティ • 『アイドルマスター SideM』：姫野かのん • 『ひろがるスカイ！プリキュア』：夕凪ツバサ／キュアウィング • 『王様ランキング』：カゲ
A33: =IFERROR(__xludf.DUMMYFUNCTION("""COMPUTED_VALUE"""),"va_200") -> va_200 | B33: =IFERROR(__xludf.DUMMYFUNCTION("""COMPUTED_VALUE"""),"KENN") -> KENN | C33: =IFERROR(__xludf.DUMMYFUNCTION("""COMPUTED_VALUE"""),"T") -> T | D33: =IFERROR(__xludf.DUMMYFUNCTION("""COMPUTED_VALUE"""),"表示") -> 表示 | E33: =IFERROR(__xludf.DUMMYFUNCTION("""COMPUTED_VALUE"""),15) -> 15 | F33: =IFERROR(__xludf.DUMMYFUNCTION("""COMPUTED_VALUE"""),"• 『遊☆戯☆王デュエルモンスターズGX』： 遊城十代 • 『アイドリッシュセブン』： 四葉環 • 『宇宙兄弟』： 南波日々人 • 『境界の彼方』： 神原秋人 • 『サイバーパンク エッジランナーズ』： デイビッド・マルティネス • 『逆転裁判』シリーズ： 王泥喜法介 • 『エア・ギア』： 美鞍葛馬（カズ） • 『アイ★チュウ』： 愛童星夜") -> • 『遊☆戯☆王デュエルモンスターズGX』： 遊城十代 • 『アイドリッシュセブン』： 四葉環 • 『宇宙兄弟』： 南波日々人 • 『境界の彼方』： 神原秋人 • 『サイバーパンク エッジランナーズ』： デイビッド・マルティネス • 『逆転裁判』シリーズ： 王泥喜法介 • 『エア・ギア』： 美鞍葛馬（カズ） • 『アイ★チュウ』： 愛童星夜
A34: =IFERROR(__xludf.DUMMYFUNCTION("""COMPUTED_VALUE"""),"va_019") -> va_019 | B34: =IFERROR(__xludf.DUMMYFUNCTION("""COMPUTED_VALUE"""),"伊東健人") -> 伊東健人 | C34: =IFERROR(__xludf.DUMMYFUNCTION("""COMPUTED_VALUE"""),"T") -> T | D34: =IFERROR(__xludf.DUMMYFUNCTION("""COMPUTED_VALUE"""),"表示") -> 表示 | E34: =IFERROR(__xludf.DUMMYFUNCTION("""COMPUTED_VALUE"""),14) -> 14 | F34: =IFERROR(__xludf.DUMMYFUNCTION("""COMPUTED_VALUE"""),"• 『ヲタクに恋は難しい』：二藤宏嵩 • 『【推しの子】』：ゴロー • 『ヒプノシスマイク』：観音坂独歩 • 『アイドルマスター SideM』：硲道夫 • 『プロジェクトセカイ カラフルステージ！』：青柳冬弥") -> • 『ヲタクに恋は難しい』：二藤宏嵩 • 『【推しの子】』：ゴロー • 『ヒプノシスマイク』：観音坂独歩 • 『アイドルマスター SideM』：硲道夫 • 『プロジェクトセカイ カラフルステージ！』：青柳冬弥
A35: =IFERROR(__xludf.DUMMYFUNCTION("""COMPUTED_VALUE"""),"va_037") -> va_037 | B35: =IFERROR(__xludf.DUMMYFUNCTION("""COMPUTED_VALUE"""),"逢坂良太") -> 逢坂良太 | C35: =IFERROR(__xludf.DUMMYFUNCTION("""COMPUTED_VALUE"""),"T") -> T | D35: =IFERROR(__xludf.DUMMYFUNCTION("""COMPUTED_VALUE"""),"表示") -> 表示 | E35: =IFERROR(__xludf.DUMMYFUNCTION("""COMPUTED_VALUE"""),14) -> 14 | F35: =IFERROR(__xludf.DUMMYFUNCTION("""COMPUTED_VALUE"""),"• 『ダイヤのA』：沢村栄純 • 『はたらく魔王さま！』：真奥貞夫（魔王サタン） • 『ハイキュー!!』：赤葦京治 • 『あんさんぶるスターズ！！』：七種茨 • 『赤髪の白雪姫』：ゼン • 『進撃の巨人』：マルコ・ボット • 『鬼滅の刃』：妓夫太郎") -> • 『ダイヤのA』：沢村栄純 • 『はたらく魔王さま！』：真奥貞夫（魔王サタン） • 『ハイキュー!!』：赤葦京治 • 『あんさんぶるスターズ！！』：七種茨 • 『赤髪の白雪姫』：ゼン • 『進撃の巨人』：マルコ・ボット • 『鬼滅の刃』：妓夫太郎
A36: =IFERROR(__xludf.DUMMYFUNCTION("""COMPUTED_VALUE"""),"va_045") -> va_045 | B36: =IFERROR(__xludf.DUMMYFUNCTION("""COMPUTED_VALUE"""),"小野賢章") -> 小野賢章 | C36: =IFERROR(__xludf.DUMMYFUNCTION("""COMPUTED_VALUE"""),"T") -> T | D36: =IFERROR(__xludf.DUMMYFUNCTION("""COMPUTED_VALUE"""),"表示") -> 表示 | E36: =IFERROR(__xludf.DUMMYFUNCTION("""COMPUTED_VALUE"""),14) -> 14 | F36: =IFERROR(__xludf.DUMMYFUNCTION("""COMPUTED_VALUE"""),"• 『黒子のバスケ』：黒子テツヤ • 『アイドリッシュセブン』：七瀬陸 • 『文豪ストレイドッグス』：芥川龍之介 • 『ジョジョの奇妙な冒険 黄金の風』：ジョルノ・ジョバァーナ • 『ハリー・ポッター』シリーズ：ハリー・ポッター • 『SPY×FAMILY』：ユーリ・ブライア • 『ツルネ ―風舞高校弓道部―』：藤原愁") -> • 『黒子のバスケ』：黒子テツヤ • 『アイドリッシュセブン』：七瀬陸 • 『文豪ストレイドッグス』：芥川龍之介 • 『ジョジョの奇妙な冒険 黄金の風』：ジョルノ・ジョバァーナ • 『ハリー・ポッター』シリーズ：ハリー・ポッター • 『SPY×FAMILY』：ユーリ・ブライア • 『ツルネ ―風舞高校弓道部―』：藤原愁
A37: =IFERROR(__xludf.DUMMYFUNCTION("""COMPUTED_VALUE"""),"va_053") -> va_053 | B37: =IFERROR(__xludf.DUMMYFUNCTION("""COMPUTED_VALUE"""),"梶原岳人") -> 梶原岳人 | C37: =IFERROR(__xludf.DUMMYFUNCTION("""COMPUTED_VALUE"""),"T") -> T | D37: =IFERROR(__xludf.DUMMYFUNCTION("""COMPUTED_VALUE"""),"表示") -> 表示 | E37: =IFERROR(__xludf.DUMMYFUNCTION("""COMPUTED_VALUE"""),14) -> 14 | F37: =IFERROR(__xludf.DUMMYFUNCTION("""COMPUTED_VALUE"""),"• 『ブラッククローバー』：アスタ • 『炎炎ノ消防隊』：森羅日下部 • 『あんさんぶるスターズ！！』：天城一彩 • 『Paradox Live』：朱雀野アレン • 『お前はまだグンマを知らない』：神月紀") -> • 『ブラッククローバー』：アスタ • 『炎炎ノ消防隊』：森羅日下部 • 『あんさんぶるスターズ！！』：天城一彩 • 『Paradox Live』：朱雀野アレン • 『お前はまだグンマを知らない』：神月紀
A38: =IFERROR(__xludf.DUMMYFUNCTION("""COMPUTED_VALUE"""),"va_078") -> va_078 | B38: =IFERROR(__xludf.DUMMYFUNCTION("""COMPUTED_VALUE"""),"小西克幸") -> 小西克幸 | C38: =IFERROR(__xludf.DUMMYFUNCTION("""COMPUTED_VALUE"""),"T") -> T | D38: =IFERROR(__xludf.DUMMYFUNCTION("""COMPUTED_VALUE"""),"表示") -> 表示 | E38: =IFERROR(__xludf.DUMMYFUNCTION("""COMPUTED_VALUE"""),14) -> 14 | F38: =IFERROR(__xludf.DUMMYFUNCTION("""COMPUTED_VALUE"""),"• 『鬼滅の刃』：宇髄天元 • 『ヘタリア』：アメリカ • 『テイルズ オブ シンフォニア』：ロイド・アーヴィング • 『べるぜバブ』：男鹿辰巳 • 『ゴールデンカムイ』：鯉登音之進 • 『薬屋のひとりごと』：高順 • 『天元突破グレンラガン』：カミナ") -> • 『鬼滅の刃』：宇髄天元 • 『ヘタリア』：アメリカ • 『テイルズ オブ シンフォニア』：ロイド・アーヴィング • 『べるぜバブ』：男鹿辰巳 • 『ゴールデンカムイ』：鯉登音之進 • 『薬屋のひとりごと』：高順 • 『天元突破グレンラガン』：カミナ
A39: =IFERROR(__xludf.DUMMYFUNCTION("""COMPUTED_VALUE"""),"va_081") -> va_081 | B39: =IFERROR(__xludf.DUMMYFUNCTION("""COMPUTED_VALUE"""),"近藤隆") -> 近藤隆 | C39: =IFERROR(__xludf.DUMMYFUNCTION("""COMPUTED_VALUE"""),"T") -> T | D39: =IFERROR(__xludf.DUMMYFUNCTION("""COMPUTED_VALUE"""),"表示") -> 表示 | E39: =IFERROR(__xludf.DUMMYFUNCTION("""COMPUTED_VALUE"""),14) -> 14 | F39: =IFERROR(__xludf.DUMMYFUNCTION("""COMPUTED_VALUE"""),"• 『家庭教師ヒットマンREBORN!』：雲雀恭弥 • 『アイドリッシュセブン』：御堂虎於 • 『世界一初恋』：小野寺律 • 『DIABOLIK LOVERS』：逆巻スバル • 『ツキウタ。』：長月夜 • 『BLACK CAT』：トレイン＝ハートネット") -> • 『家庭教師ヒットマンREBORN!』：雲雀恭弥 • 『アイドリッシュセブン』：御堂虎於 • 『世界一初恋』：小野寺律 • 『DIABOLIK LOVERS』：逆巻スバル • 『ツキウタ。』：長月夜 • 『BLACK CAT』：トレイン＝ハートネット
A40: =IFERROR(__xludf.DUMMYFUNCTION("""COMPUTED_VALUE"""),"va_129") -> va_129 | B40: =IFERROR(__xludf.DUMMYFUNCTION("""COMPUTED_VALUE"""),"土岐隼一") -> 土岐隼一 | C40: =IFERROR(__xludf.DUMMYFUNCTION("""COMPUTED_VALUE"""),"T") -> T | D40: =IFERROR(__xludf.DUMMYFUNCTION("""COMPUTED_VALUE"""),"表示") -> 表示 | E40: =IFERROR(__xludf.DUMMYFUNCTION("""COMPUTED_VALUE"""),14) -> 14 | F40: =IFERROR(__xludf.DUMMYFUNCTION("""COMPUTED_VALUE"""),"• 『プロジェクトセカイ カラフルステージ！ feat. 初音ミク』：神代類 • 『アイドルマスター SideM』：都築圭 • 『ツキプロ』：衛藤昂輝 • 『A3!』：瑠璃川幸 • 『かくりよの宿飯』：銀次 • 『Paradox Live』：征木北斎 • 『原神』：フレミネ") -> • 『プロジェクトセカイ カラフルステージ！ feat. 初音ミク』：神代類 • 『アイドルマスター SideM』：都築圭 • 『ツキプロ』：衛藤昂輝 • 『A3!』：瑠璃川幸 • 『かくりよの宿飯』：銀次 • 『Paradox Live』：征木北斎 • 『原神』：フレミネ
A41: =IFERROR(__xludf.DUMMYFUNCTION("""COMPUTED_VALUE"""),"va_148") -> va_148 | B41: =IFERROR(__xludf.DUMMYFUNCTION("""COMPUTED_VALUE"""),"羽多野渉") -> 羽多野渉 | C41: =IFERROR(__xludf.DUMMYFUNCTION("""COMPUTED_VALUE"""),"T") -> T | D41: =IFERROR(__xludf.DUMMYFUNCTION("""COMPUTED_VALUE"""),"表示") -> 表示 | E41: =IFERROR(__xludf.DUMMYFUNCTION("""COMPUTED_VALUE"""),14) -> 14 | F41: =IFERROR(__xludf.DUMMYFUNCTION("""COMPUTED_VALUE"""),"• 『FAIRY TAIL』： ガジル・レッドフォックス • 『アイドリッシュセブン』： 八乙女楽 • 『僕のヒーローアカデミア』： 心操人使 • 『黒子のバスケ』： 実渕玲央 • 『あんさんぶるスターズ！』： 乙狩アドニス • 『ユーリ!!! on ICE』： ギオルギー・ポポーヴィッチ • 『ダイヤのA』： 増子透 • 『信長の忍び』： 織田信長") -> • 『FAIRY TAIL』： ガジル・レッドフォックス • 『アイドリッシュセブン』： 八乙女楽 • 『僕のヒーローアカデミア』： 心操人使 • 『黒子のバスケ』： 実渕玲央 • 『あんさんぶるスターズ！』： 乙狩アドニス • 『ユーリ!!! on ICE』： ギオルギー・ポポーヴィッチ • 『ダイヤのA』： 増子透 • 『信長の忍び』： 織田信長
A42: =IFERROR(__xludf.DUMMYFUNCTION("""COMPUTED_VALUE"""),"va_173") -> va_173 | B42: =IFERROR(__xludf.DUMMYFUNCTION("""COMPUTED_VALUE"""),"松岡禎丞") -> 松岡禎丞 | C42: =IFERROR(__xludf.DUMMYFUNCTION("""COMPUTED_VALUE"""),"T") -> T | D42: =IFERROR(__xludf.DUMMYFUNCTION("""COMPUTED_VALUE"""),"表示") -> 表示 | E42: =IFERROR(__xludf.DUMMYFUNCTION("""COMPUTED_VALUE"""),14) -> 14 | F42: =IFERROR(__xludf.DUMMYFUNCTION("""COMPUTED_VALUE"""),"• 『ソードアート・オンライン』：キリト／桐ヶ谷和人 • 『鬼滅の刃』：嘴平伊之助 • 『食戟のソーマ』：幸平創真 • 『ダンジョンに出会いを求めるのは間違っているだろうか』：ベル・クラネル • 『五等分の花嫁』：上杉風太郎 • 『ノーゲーム・ノーライフ』：空 • 『冴えない彼女の育てかた』：安芸倫也") -> • 『ソードアート・オンライン』：キリト／桐ヶ谷和人 • 『鬼滅の刃』：嘴平伊之助 • 『食戟のソーマ』：幸平創真 • 『ダンジョンに出会いを求めるのは間違っているだろうか』：ベル・クラネル • 『五等分の花嫁』：上杉風太郎 • 『ノーゲーム・ノーライフ』：空 • 『冴えない彼女の育てかた』：安芸倫也
A43: =IFERROR(__xludf.DUMMYFUNCTION("""COMPUTED_VALUE"""),"va_193") -> va_193 | B43: =IFERROR(__xludf.DUMMYFUNCTION("""COMPUTED_VALUE"""),"山下大輝") -> 山下大輝 | C43: =IFERROR(__xludf.DUMMYFUNCTION("""COMPUTED_VALUE"""),"T") -> T | D43: =IFERROR(__xludf.DUMMYFUNCTION("""COMPUTED_VALUE"""),"表示") -> 表示 | E43: =IFERROR(__xludf.DUMMYFUNCTION("""COMPUTED_VALUE"""),14) -> 14 | F43: =IFERROR(__xludf.DUMMYFUNCTION("""COMPUTED_VALUE"""),"・『僕のヒーローアカデミア』： 緑谷出久 ・『弱虫ペダル』： 小野田坂道 ・『あんさんぶるスターズ！！』： 朔間凛月 ・『ジョジョの奇妙な冒険 黄金の風』： ナランチャ・ギルガ ・『ポケットモンスター』： ゴウ") -> ・『僕のヒーローアカデミア』： 緑谷出久 ・『弱虫ペダル』： 小野田坂道 ・『あんさんぶるスターズ！！』： 朔間凛月 ・『ジョジョの奇妙な冒険 黄金の風』： ナランチャ・ギルガ ・『ポケットモンスター』： ゴウ
A44: =IFERROR(__xludf.DUMMYFUNCTION("""COMPUTED_VALUE"""),"va_058") -> va_058 | B44: =IFERROR(__xludf.DUMMYFUNCTION("""COMPUTED_VALUE"""),"河西健吾") -> 河西健吾 | C44: =IFERROR(__xludf.DUMMYFUNCTION("""COMPUTED_VALUE"""),"T") -> T | D44: =IFERROR(__xludf.DUMMYFUNCTION("""COMPUTED_VALUE"""),"表示") -> 表示 | E44: =IFERROR(__xludf.DUMMYFUNCTION("""COMPUTED_VALUE"""),13) -> 13 | F44: =IFERROR(__xludf.DUMMYFUNCTION("""COMPUTED_VALUE"""),"• 『機動戦士ガンダム 鉄血のオルフェンズ』：三日月・オーガス • 『鬼滅の刃』：時透無一郎 • 『Dr.STONE』：あさぎりゲン • 『ヒプノシスマイク』：躑躅森盧笙 • 『怪獣8号』：保科宗四郎 • 『3月のライオン』：桐山零") -> • 『機動戦士ガンダム 鉄血のオルフェンズ』：三日月・オーガス • 『鬼滅の刃』：時透無一郎 • 『Dr.STONE』：あさぎりゲン • 『ヒプノシスマイク』：躑躅森盧笙 • 『怪獣8号』：保科宗四郎 • 『3月のライオン』：桐山零
A45: =IFERROR(__xludf.DUMMYFUNCTION("""COMPUTED_VALUE"""),"va_119") -> va_119 | B45: =IFERROR(__xludf.DUMMYFUNCTION("""COMPUTED_VALUE"""),"千葉翔也") -> 千葉翔也 | C45: =IFERROR(__xludf.DUMMYFUNCTION("""COMPUTED_VALUE"""),"T") -> T | D45: =IFERROR(__xludf.DUMMYFUNCTION("""COMPUTED_VALUE"""),"表示") -> 表示 | E45: =IFERROR(__xludf.DUMMYFUNCTION("""COMPUTED_VALUE"""),13) -> 13 | F45: =IFERROR(__xludf.DUMMYFUNCTION("""COMPUTED_VALUE"""),"• 『ようこそ実力至上主義の教室へ』：綾小路清隆 • 『86-エイティシックス-』：シンエイ・ノウゼン • 『アオのハコ』：猪股大喜 • 『地縛少年花子くん』：源光 • 『ALL OUT!!』：祇園健次 • 『青のオーケストラ』：青野一 • 『WIND BREAKER』：楡井秋彦 • 『アイドルマスター SideM』：秋山隼人") -> • 『ようこそ実力至上主義の教室へ』：綾小路清隆 • 『86-エイティシックス-』：シンエイ・ノウゼン • 『アオのハコ』：猪股大喜 • 『地縛少年花子くん』：源光 • 『ALL OUT!!』：祇園健次 • 『青のオーケストラ』：青野一 • 『WIND BREAKER』：楡井秋彦 • 『アイドルマスター SideM』：秋山隼人
A46: =IFERROR(__xludf.DUMMYFUNCTION("""COMPUTED_VALUE"""),"va_138") -> va_138 | B46: =IFERROR(__xludf.DUMMYFUNCTION("""COMPUTED_VALUE"""),"浪川大輔") -> 浪川大輔 | C46: =IFERROR(__xludf.DUMMYFUNCTION("""COMPUTED_VALUE"""),"T") -> T | D46: =IFERROR(__xludf.DUMMYFUNCTION("""COMPUTED_VALUE"""),"表示") -> 表示 | E46: =IFERROR(__xludf.DUMMYFUNCTION("""COMPUTED_VALUE"""),13) -> 13 | F46: =IFERROR(__xludf.DUMMYFUNCTION("""COMPUTED_VALUE"""),"• 『ルパン三世』：石川五ェ門 • 『ハイキュー!!』：及川徹 • 『ヘタリア』：イタリア • 『君に届け』：風早翔太 • 『HUNTER×HUNTER』（2011年版）：ヒソカ＝モロウ • 『BLEACH』：ウルキオラ・シファー • 『ONE PIECE』：ユースタス・キッド • 『呪術廻戦』：脹相 • 『FAIRY TAIL』：ジェラール・フェルナンデス／ミストガン") -> • 『ルパン三世』：石川五ェ門 • 『ハイキュー!!』：及川徹 • 『ヘタリア』：イタリア • 『君に届け』：風早翔太 • 『HUNTER×HUNTER』（2011年版）：ヒソカ＝モロウ • 『BLEACH』：ウルキオラ・シファー • 『ONE PIECE』：ユースタス・キッド • 『呪術廻戦』：脹相 • 『FAIRY TAIL』：ジェラール・フェルナンデス／ミストガン
A47: =IFERROR(__xludf.DUMMYFUNCTION("""COMPUTED_VALUE"""),"va_160") -> va_160 | B47: =IFERROR(__xludf.DUMMYFUNCTION("""COMPUTED_VALUE"""),"福山潤") -> 福山潤 | C47: =IFERROR(__xludf.DUMMYFUNCTION("""COMPUTED_VALUE"""),"T") -> T | D47: =IFERROR(__xludf.DUMMYFUNCTION("""COMPUTED_VALUE"""),"表示") -> 表示 | E47: =IFERROR(__xludf.DUMMYFUNCTION("""COMPUTED_VALUE"""),13) -> 13 | F47: =IFERROR(__xludf.DUMMYFUNCTION("""COMPUTED_VALUE"""),"• 『コードギアス 反逆のルルーシュ』： ルルーシュ・ランペルージ • 『暗殺教室』： 殺せんせー • 『おそ松さん』： 松野一松 • 『青の祓魔師』： 奥村雪男 • 『中二病でも恋がしたい！』： 富樫勇太 • 『WORKING!!』： 小鳥遊宗太 • 『七つの大罪』： キング • 『ペルソナ5』： 主人公（ジョーカー） • 『吸血鬼すぐ死ぬ』： ドラルク") -> • 『コードギアス 反逆のルルーシュ』： ルルーシュ・ランペルージ • 『暗殺教室』： 殺せんせー • 『おそ松さん』： 松野一松 • 『青の祓魔師』： 奥村雪男 • 『中二病でも恋がしたい！』： 富樫勇太 • 『WORKING!!』： 小鳥遊宗太 • 『七つの大罪』： キング • 『ペルソナ5』： 主人公（ジョーカー） • 『吸血鬼すぐ死ぬ』： ドラルク
A48: =IFERROR(__xludf.DUMMYFUNCTION("""COMPUTED_VALUE"""),"va_166") -> va_166 | B48: =IFERROR(__xludf.DUMMYFUNCTION("""COMPUTED_VALUE"""),"堀江瞬") -> 堀江瞬 | C48: =IFERROR(__xludf.DUMMYFUNCTION("""COMPUTED_VALUE"""),"T") -> T | D48: =IFERROR(__xludf.DUMMYFUNCTION("""COMPUTED_VALUE"""),"表示") -> 表示 | E48: =IFERROR(__xludf.DUMMYFUNCTION("""COMPUTED_VALUE"""),13) -> 13 | F48: =IFERROR(__xludf.DUMMYFUNCTION("""COMPUTED_VALUE"""),"• 『僕の心のヤバイやつ』： 市川京太郎 • 『彼女、お借りします』： 木ノ下和也 • 『ドラゴン、家を買う。』： レティ • 『蜘蛛ですが、なにか？』： シュン • 『さらざんまい』： 陣内燕太 • 『アクダマドライブ』： ハッカー • 『アイドルマスター SideM』： ピエール • 『社長、バトルの時間です！』： ミナト") -> • 『僕の心のヤバイやつ』： 市川京太郎 • 『彼女、お借りします』： 木ノ下和也 • 『ドラゴン、家を買う。』： レティ • 『蜘蛛ですが、なにか？』： シュン • 『さらざんまい』： 陣内燕太 • 『アクダマドライブ』： ハッカー • 『アイドルマスター SideM』： ピエール • 『社長、バトルの時間です！』： ミナト
A49: =IFERROR(__xludf.DUMMYFUNCTION("""COMPUTED_VALUE"""),"va_185") -> va_185 | B49: =IFERROR(__xludf.DUMMYFUNCTION("""COMPUTED_VALUE"""),"森久保祥太郎") -> 森久保祥太郎 | C49: =IFERROR(__xludf.DUMMYFUNCTION("""COMPUTED_VALUE"""),"T") -> T | D49: =IFERROR(__xludf.DUMMYFUNCTION("""COMPUTED_VALUE"""),"表示") -> 表示 | E49: =IFERROR(__xludf.DUMMYFUNCTION("""COMPUTED_VALUE"""),13) -> 13 | F49: =IFERROR(__xludf.DUMMYFUNCTION("""COMPUTED_VALUE"""),"• 『NARUTO -ナルト-』：奈良シカマル • 『メジャー』：茂野吾郎 • 『弱虫ペダル』：巻島裕介 • 『うたの☆プリンスさまっ♪』：寿嶺二 • 『東京リベンジャーズ』：稀咲鉄太 • 『ペルソナ4』：花村陽介 • 『GetBackers -奪還屋-』：天野銀次 • 『薄桜鬼』：沖田総司") -> • 『NARUTO -ナルト-』：奈良シカマル • 『メジャー』：茂野吾郎 • 『弱虫ペダル』：巻島裕介 • 『うたの☆プリンスさまっ♪』：寿嶺二 • 『東京リベンジャーズ』：稀咲鉄太 • 『ペルソナ4』：花村陽介 • 『GetBackers -奪還屋-』：天野銀次 • 『薄桜鬼』：沖田総司
A50: =IFERROR(__xludf.DUMMYFUNCTION("""COMPUTED_VALUE"""),"va_072") -> va_072 | B50: =IFERROR(__xludf.DUMMYFUNCTION("""COMPUTED_VALUE"""),"小林千晃") -> 小林千晃 | C50: =IFERROR(__xludf.DUMMYFUNCTION("""COMPUTED_VALUE"""),"T") -> T | D50: =IFERROR(__xludf.DUMMYFUNCTION("""COMPUTED_VALUE"""),"表示") -> 表示 | E50: =IFERROR(__xludf.DUMMYFUNCTION("""COMPUTED_VALUE"""),12) -> 12 | F50: =IFERROR(__xludf.DUMMYFUNCTION("""COMPUTED_VALUE"""),"• 『マッシュル-MASHLE-』：マッシュ・バーンデッド • 『SK∞ エスケーエイト』：馳河ランガ • 『地獄楽』：画眉丸 • 『葬送のフリーレン』：シュタルク • 『憂国のモリアーティ』：ルイス・ジェームズ・モリアーティ • 『クールドジ男子』：一倉颯 • 『30歳まで童貞だと魔法使いになれるらしい』：安達清") -> • 『マッシュル-MASHLE-』：マッシュ・バーンデッド • 『SK∞ エスケーエイト』：馳河ランガ • 『地獄楽』：画眉丸 • 『葬送のフリーレン』：シュタルク • 『憂国のモリアーティ』：ルイス・ジェームズ・モリアーティ • 『クールドジ男子』：一倉颯 • 『30歳まで童貞だと魔法使いになれるらしい』：安達清
A51: =IFERROR(__xludf.DUMMYFUNCTION("""COMPUTED_VALUE"""),"va_125") -> va_125 | B51: =IFERROR(__xludf.DUMMYFUNCTION("""COMPUTED_VALUE"""),"寺島拓篤") -> 寺島拓篤 | C51: =IFERROR(__xludf.DUMMYFUNCTION("""COMPUTED_VALUE"""),"T") -> T | D51: =IFERROR(__xludf.DUMMYFUNCTION("""COMPUTED_VALUE"""),"表示") -> 表示 | E51: =IFERROR(__xludf.DUMMYFUNCTION("""COMPUTED_VALUE"""),12) -> 12 | F51: =IFERROR(__xludf.DUMMYFUNCTION("""COMPUTED_VALUE"""),"• 『うたの☆プリンスさまっ♪』：一十木音也 • 『創聖のアクエリオン』：アポロ • 『ログ・ホライズン』：シロエ • 『転生したらスライムだった件』：三上悟 • 『EDENS ZERO』：シキ・グランベル • 『魔法科高校の劣等生』：西城レオンハルト • 『メカクシティアクターズ』：シンタロー • 『アイドルマスター SideM』：天ヶ瀬冬馬") -> • 『うたの☆プリンスさまっ♪』：一十木音也 • 『創聖のアクエリオン』：アポロ • 『ログ・ホライズン』：シロエ • 『転生したらスライムだった件』：三上悟 • 『EDENS ZERO』：シキ・グランベル • 『魔法科高校の劣等生』：西城レオンハルト • 『メカクシティアクターズ』：シンタロー • 『アイドルマスター SideM』：天ヶ瀬冬馬
A52: =IFERROR(__xludf.DUMMYFUNCTION("""COMPUTED_VALUE"""),"va_134") -> va_134 | B52: =IFERROR(__xludf.DUMMYFUNCTION("""COMPUTED_VALUE"""),"中島ヨシキ") -> 中島ヨシキ | C52: =IFERROR(__xludf.DUMMYFUNCTION("""COMPUTED_VALUE"""),"T") -> T | D52: =IFERROR(__xludf.DUMMYFUNCTION("""COMPUTED_VALUE"""),"表示") -> 表示 | E52: =IFERROR(__xludf.DUMMYFUNCTION("""COMPUTED_VALUE"""),12) -> 12 | F52: =IFERROR(__xludf.DUMMYFUNCTION("""COMPUTED_VALUE"""),"• 『あんさんぶるスターズ！』：南雲鉄虎 • 『アイドルマスター SideM』：山下次郎 • 『ヒナまつり』：新田義史 • 『プランダラ』：リヒトー＝バッハ • 『スタンドマイヒーローズ』：桐嶋宏弥 • 『Dr.STONE』：上井陽 • 『Unnamed Memory』：オスカー") -> • 『あんさんぶるスターズ！』：南雲鉄虎 • 『アイドルマスター SideM』：山下次郎 • 『ヒナまつり』：新田義史 • 『プランダラ』：リヒトー＝バッハ • 『スタンドマイヒーローズ』：桐嶋宏弥 • 『Dr.STONE』：上井陽 • 『Unnamed Memory』：オスカー
A53: =IFERROR(__xludf.DUMMYFUNCTION("""COMPUTED_VALUE"""),"va_143") -> va_143 | B53: =IFERROR(__xludf.DUMMYFUNCTION("""COMPUTED_VALUE"""),"野島健児") -> 野島健児 | C53: =IFERROR(__xludf.DUMMYFUNCTION("""COMPUTED_VALUE"""),"T") -> T | D53: =IFERROR(__xludf.DUMMYFUNCTION("""COMPUTED_VALUE"""),"表示") -> 表示 | E53: =IFERROR(__xludf.DUMMYFUNCTION("""COMPUTED_VALUE"""),12) -> 12 | F53: =IFERROR(__xludf.DUMMYFUNCTION("""COMPUTED_VALUE"""),"• 『PSYCHO-PASS サイコパス』：宜野座伸元 • 『BANANA FISH』：奥村英二 • 『あんさんぶるスターズ！』：逆先夏目 • 『美少女戦士セーラームーンCrystal』：地場衛／タキシード仮面 • 『ハイキュー!!』：北信介 • 『ハイスクールD×D』：木場祐斗 • 『干物妹！うまるちゃん』：土間タイヘイ • 『弱虫ペダル』：黒田雪成 • 『原神』：アルベド • 『恋と深空』：マヒル") -> • 『PSYCHO-PASS サイコパス』：宜野座伸元 • 『BANANA FISH』：奥村英二 • 『あんさんぶるスターズ！』：逆先夏目 • 『美少女戦士セーラームーンCrystal』：地場衛／タキシード仮面 • 『ハイキュー!!』：北信介 • 『ハイスクールD×D』：木場祐斗 • 『干物妹！うまるちゃん』：土間タイヘイ • 『弱虫ペダル』：黒田雪成 • 『原神』：アルベド • 『恋と深空』：マヒル
A54: =IFERROR(__xludf.DUMMYFUNCTION("""COMPUTED_VALUE"""),"va_003") -> va_003 | B54: =IFERROR(__xludf.DUMMYFUNCTION("""COMPUTED_VALUE"""),"阿座上洋平") -> 阿座上洋平 | C54: =IFERROR(__xludf.DUMMYFUNCTION("""COMPUTED_VALUE"""),"T") -> T | D54: =IFERROR(__xludf.DUMMYFUNCTION("""COMPUTED_VALUE"""),"表示") -> 表示 | E54: =IFERROR(__xludf.DUMMYFUNCTION("""COMPUTED_VALUE"""),11) -> 11 | F54: =IFERROR(__xludf.DUMMYFUNCTION("""COMPUTED_VALUE"""),"• 『機動戦士ガンダム 水星の魔女』：グエル・ジェターク • 『あんさんぶるスターズ！！』：天城燐音 • 『クロムクロ』：青馬剣之介時貞 • 『鴨乃橋ロンの禁断推理』：鴨乃橋ロン") -> • 『機動戦士ガンダム 水星の魔女』：グエル・ジェターク • 『あんさんぶるスターズ！！』：天城燐音 • 『クロムクロ』：青馬剣之介時貞 • 『鴨乃橋ロンの禁断推理』：鴨乃橋ロン
A55: =IFERROR(__xludf.DUMMYFUNCTION("""COMPUTED_VALUE"""),"va_007") -> va_007 | B55: =IFERROR(__xludf.DUMMYFUNCTION("""COMPUTED_VALUE"""),"天﨑滉平") -> 天﨑滉平 | C55: =IFERROR(__xludf.DUMMYFUNCTION("""COMPUTED_VALUE"""),"T") -> T | D55: =IFERROR(__xludf.DUMMYFUNCTION("""COMPUTED_VALUE"""),"表示") -> 表示 | E55: =IFERROR(__xludf.DUMMYFUNCTION("""COMPUTED_VALUE"""),11) -> 11 | F55: =IFERROR(__xludf.DUMMYFUNCTION("""COMPUTED_VALUE"""),"• 『ヒプノシスマイク』：山田三郎 • 『Re:ゼロから始める異世界生活』：オットー・スーウェン • 『ハイスコアガール』：矢口春雄 • 『僕のヒーローアカデミア』：物間寧人 • 『あんさんぶるスターズ！！』：白鳥藍良") -> • 『ヒプノシスマイク』：山田三郎 • 『Re:ゼロから始める異世界生活』：オットー・スーウェン • 『ハイスコアガール』：矢口春雄 • 『僕のヒーローアカデミア』：物間寧人 • 『あんさんぶるスターズ！！』：白鳥藍良
A56: =IFERROR(__xludf.DUMMYFUNCTION("""COMPUTED_VALUE"""),"va_028") -> va_028 | B56: =IFERROR(__xludf.DUMMYFUNCTION("""COMPUTED_VALUE"""),"上村祐翔") -> 上村祐翔 | C56: =IFERROR(__xludf.DUMMYFUNCTION("""COMPUTED_VALUE"""),"T") -> T | D56: =IFERROR(__xludf.DUMMYFUNCTION("""COMPUTED_VALUE"""),"表示") -> 表示 | E56: =IFERROR(__xludf.DUMMYFUNCTION("""COMPUTED_VALUE"""),11) -> 11 | F56: =IFERROR(__xludf.DUMMYFUNCTION("""COMPUTED_VALUE"""),"• 『文豪ストレイドッグス』：中島敦 • 『ダーリン・イン・ザ・フランキス』：ヒロ • 『僕のヒーローアカデミア』：天喰環 • 『ヴィンランド・サガ』：トルフィン • 『ツルネ ―風舞高校弓道部―』：鳴宮湊 • 『B-PROJECT』：増長和南") -> • 『文豪ストレイドッグス』：中島敦 • 『ダーリン・イン・ザ・フランキス』：ヒロ • 『僕のヒーローアカデミア』：天喰環 • 『ヴィンランド・サガ』：トルフィン • 『ツルネ ―風舞高校弓道部―』：鳴宮湊 • 『B-PROJECT』：増長和南
A57: =IFERROR(__xludf.DUMMYFUNCTION("""COMPUTED_VALUE"""),"va_076") -> va_076 | B57: =IFERROR(__xludf.DUMMYFUNCTION("""COMPUTED_VALUE"""),"小松昌平") -> 小松昌平 | C57: =IFERROR(__xludf.DUMMYFUNCTION("""COMPUTED_VALUE"""),"T") -> T | D57: =IFERROR(__xludf.DUMMYFUNCTION("""COMPUTED_VALUE"""),"表示") -> 表示 | E57: =IFERROR(__xludf.DUMMYFUNCTION("""COMPUTED_VALUE"""),11) -> 11 | F57: =IFERROR(__xludf.DUMMYFUNCTION("""COMPUTED_VALUE"""),"• 『アイドルマスター SideM』：牙崎漣 • 『賢者の孫』：アウグスト＝フォン＝アールスハイド • 『number24』：都留靖也 • 『葬送のフリーレン』：ラント • 『SHOW BY ROCK!!』：ハッチン • 『刀剣乱舞』：肥前忠広") -> • 『アイドルマスター SideM』：牙崎漣 • 『賢者の孫』：アウグスト＝フォン＝アールスハイド • 『number24』：都留靖也 • 『葬送のフリーレン』：ラント • 『SHOW BY ROCK!!』：ハッチン • 『刀剣乱舞』：肥前忠広
A58: =IFERROR(__xludf.DUMMYFUNCTION("""COMPUTED_VALUE"""),"va_004") -> va_004 | B58: =IFERROR(__xludf.DUMMYFUNCTION("""COMPUTED_VALUE"""),"浅沼晋太郎") -> 浅沼晋太郎 | C58: =IFERROR(__xludf.DUMMYFUNCTION("""COMPUTED_VALUE"""),"T") -> T | D58: =IFERROR(__xludf.DUMMYFUNCTION("""COMPUTED_VALUE"""),"表示") -> 表示 | E58: =IFERROR(__xludf.DUMMYFUNCTION("""COMPUTED_VALUE"""),10) -> 10 | F58: =IFERROR(__xludf.DUMMYFUNCTION("""COMPUTED_VALUE"""),"• 『ヒプノシスマイク』：碧棺左馬刻 • 『あんさんぶるスターズ！』：月永レオ • 『生徒会役員共』：津田タカトシ • 『ダイヤのA』：倉持洋一 • 『ギヴン』：村田雨月") -> • 『ヒプノシスマイク』：碧棺左馬刻 • 『あんさんぶるスターズ！』：月永レオ • 『生徒会役員共』：津田タカトシ • 『ダイヤのA』：倉持洋一 • 『ギヴン』：村田雨月
A59: =IFERROR(__xludf.DUMMYFUNCTION("""COMPUTED_VALUE"""),"va_036") -> va_036 | B59: =IFERROR(__xludf.DUMMYFUNCTION("""COMPUTED_VALUE"""),"榎木淳弥") -> 榎木淳弥 | C59: =IFERROR(__xludf.DUMMYFUNCTION("""COMPUTED_VALUE"""),"T") -> T | D59: =IFERROR(__xludf.DUMMYFUNCTION("""COMPUTED_VALUE"""),"表示") -> 表示 | E59: =IFERROR(__xludf.DUMMYFUNCTION("""COMPUTED_VALUE"""),10) -> 10 | F59: =IFERROR(__xludf.DUMMYFUNCTION("""COMPUTED_VALUE"""),"• 『呪術廻戦』：虎杖悠仁 • 『ジョジョの奇妙な冒険 黄金の風』：パンナコッタ・フーゴ • 『トニカクカワイイ』：由崎星空 • 『アイドルマスター SideM』：舞田類 • 『め組の大吾 救国のオレンジ』：十朱大吾") -> • 『呪術廻戦』：虎杖悠仁 • 『ジョジョの奇妙な冒険 黄金の風』：パンナコッタ・フーゴ • 『トニカクカワイイ』：由崎星空 • 『アイドルマスター SideM』：舞田類 • 『め組の大吾 救国のオレンジ』：十朱大吾
A60: =IFERROR(__xludf.DUMMYFUNCTION("""COMPUTED_VALUE"""),"va_044") -> va_044 | B60: =IFERROR(__xludf.DUMMYFUNCTION("""COMPUTED_VALUE"""),"興津和幸") -> 興津和幸 | C60: =IFERROR(__xludf.DUMMYFUNCTION("""COMPUTED_VALUE"""),"T") -> T | D60: =IFERROR(__xludf.DUMMYFUNCTION("""COMPUTED_VALUE"""),"表示") -> 表示 | E60: =IFERROR(__xludf.DUMMYFUNCTION("""COMPUTED_VALUE"""),10) -> 10 | F60: =IFERROR(__xludf.DUMMYFUNCTION("""COMPUTED_VALUE"""),"• 『ジョジョの奇妙な冒険』：ジョナサン・ジョースター • 『アイドリッシュセブン』：大神万理 • 『BROTHERS CONFLICT』：朝日奈雅臣 • 『刀剣乱舞』：蜂須賀虎徹 • 『蒼き鋼のアルペジオ -アルス・ノヴァ-』：千早群像") -> • 『ジョジョの奇妙な冒険』：ジョナサン・ジョースター • 『アイドリッシュセブン』：大神万理 • 『BROTHERS CONFLICT』：朝日奈雅臣 • 『刀剣乱舞』：蜂須賀虎徹 • 『蒼き鋼のアルペジオ -アルス・ノヴァ-』：千早群像
A61: =IFERROR(__xludf.DUMMYFUNCTION("""COMPUTED_VALUE"""),"va_069") -> va_069 | B61: =IFERROR(__xludf.DUMMYFUNCTION("""COMPUTED_VALUE"""),"熊谷健太郎") -> 熊谷健太郎 | C61: =IFERROR(__xludf.DUMMYFUNCTION("""COMPUTED_VALUE"""),"T") -> T | D61: =IFERROR(__xludf.DUMMYFUNCTION("""COMPUTED_VALUE"""),"表示") -> 表示 | E61: =IFERROR(__xludf.DUMMYFUNCTION("""COMPUTED_VALUE"""),10) -> 10 | F61: =IFERROR(__xludf.DUMMYFUNCTION("""COMPUTED_VALUE"""),"• 『ダンジョン飯』：ライオス • 『アイドルマスター SideM』：握野英雄 • 『A3!』：伏見臣 • 『機動戦士ガンダム 鉄血のオルフェンズ』：アストン・アルトランド • 『ゴッド・オブ・ハイスクール』：ハン・デウィ • 『グランクレスト戦記』：テオ・コルネーロ") -> • 『ダンジョン飯』：ライオス • 『アイドルマスター SideM』：握野英雄 • 『A3!』：伏見臣 • 『機動戦士ガンダム 鉄血のオルフェンズ』：アストン・アルトランド • 『ゴッド・オブ・ハイスクール』：ハン・デウィ • 『グランクレスト戦記』：テオ・コルネーロ
A62: =IFERROR(__xludf.DUMMYFUNCTION("""COMPUTED_VALUE"""),"va_095") -> va_095 | B62: =IFERROR(__xludf.DUMMYFUNCTION("""COMPUTED_VALUE"""),"下野紘") -> 下野紘 | C62: =IFERROR(__xludf.DUMMYFUNCTION("""COMPUTED_VALUE"""),"T") -> T | D62: =IFERROR(__xludf.DUMMYFUNCTION("""COMPUTED_VALUE"""),"表示") -> 表示 | E62: =IFERROR(__xludf.DUMMYFUNCTION("""COMPUTED_VALUE"""),10) -> 10 | F62: =IFERROR(__xludf.DUMMYFUNCTION("""COMPUTED_VALUE"""),"• 『鬼滅の刃』：我妻善逸 • 『うたの☆プリンスさまっ♪』：来栖翔 • 『僕のヒーローアカデミア』：荼毘 • 『進撃の巨人』：コニー・スプリンガー • 『バカとテストと召喚獣』：吉井明久 • 『ACCA13区監察課』：ジーン・オータス") -> • 『鬼滅の刃』：我妻善逸 • 『うたの☆プリンスさまっ♪』：来栖翔 • 『僕のヒーローアカデミア』：荼毘 • 『進撃の巨人』：コニー・スプリンガー • 『バカとテストと召喚獣』：吉井明久 • 『ACCA13区監察課』：ジーン・オータス
A63: =IFERROR(__xludf.DUMMYFUNCTION("""COMPUTED_VALUE"""),"va_097") -> va_097 | B63: =IFERROR(__xludf.DUMMYFUNCTION("""COMPUTED_VALUE"""),"杉田智和") -> 杉田智和 | C63: =IFERROR(__xludf.DUMMYFUNCTION("""COMPUTED_VALUE"""),"T") -> T | D63: =IFERROR(__xludf.DUMMYFUNCTION("""COMPUTED_VALUE"""),"表示") -> 表示 | E63: =IFERROR(__xludf.DUMMYFUNCTION("""COMPUTED_VALUE"""),10) -> 10 | F63: =IFERROR(__xludf.DUMMYFUNCTION("""COMPUTED_VALUE"""),"• 『銀魂』：坂田銀時 • 『涼宮ハルヒの憂鬱』：キョン • 『ジョジョの奇妙な冒険』：ジョセフ・ジョースター • 『無職転生 ～異世界行ったら本気だす～』：前世の男 • 『鬼滅の刃』：悲鳴嶼行冥 • 『七つの大罪』：エスカノール • 『SAKAMOTO DAYS』：坂本太郎") -> • 『銀魂』：坂田銀時 • 『涼宮ハルヒの憂鬱』：キョン • 『ジョジョの奇妙な冒険』：ジョセフ・ジョースター • 『無職転生 ～異世界行ったら本気だす～』：前世の男 • 『鬼滅の刃』：悲鳴嶼行冥 • 『七つの大罪』：エスカノール • 『SAKAMOTO DAYS』：坂本太郎
A64: =IFERROR(__xludf.DUMMYFUNCTION("""COMPUTED_VALUE"""),"va_120") -> va_120 | B64: =IFERROR(__xludf.DUMMYFUNCTION("""COMPUTED_VALUE"""),"津田健次郎") -> 津田健次郎 | C64: =IFERROR(__xludf.DUMMYFUNCTION("""COMPUTED_VALUE"""),"T") -> T | D64: =IFERROR(__xludf.DUMMYFUNCTION("""COMPUTED_VALUE"""),"表示") -> 表示 | E64: =IFERROR(__xludf.DUMMYFUNCTION("""COMPUTED_VALUE"""),10) -> 10 | F64: =IFERROR(__xludf.DUMMYFUNCTION("""COMPUTED_VALUE"""),"• 『遊☆戯☆王デュエルモンスターズ』：海馬瀬人 • 『テニスの王子様』：乾貞治 • 『ゴールデンカムイ』：尾形百之助 • 『呪術廻戦』：七海建人 • 『チェンソーマン』：岸辺 • 『TIGER & BUNNY』：ネイサン・シーモア（ファイヤーエンブレム） • 『薄桜鬼』：風間千景 • 『チ。―地球の運動について―』：ノヴァク") -> • 『遊☆戯☆王デュエルモンスターズ』：海馬瀬人 • 『テニスの王子様』：乾貞治 • 『ゴールデンカムイ』：尾形百之助 • 『呪術廻戦』：七海建人 • 『チェンソーマン』：岸辺 • 『TIGER & BUNNY』：ネイサン・シーモア（ファイヤーエンブレム） • 『薄桜鬼』：風間千景 • 『チ。―地球の運動について―』：ノヴァク
A65: =IFERROR(__xludf.DUMMYFUNCTION("""COMPUTED_VALUE"""),"va_180") -> va_180 | B65: =IFERROR(__xludf.DUMMYFUNCTION("""COMPUTED_VALUE"""),"緑川光") -> 緑川光 | C65: =IFERROR(__xludf.DUMMYFUNCTION("""COMPUTED_VALUE"""),"T") -> T | D65: =IFERROR(__xludf.DUMMYFUNCTION("""COMPUTED_VALUE"""),"表示") -> 表示 | E65: =IFERROR(__xludf.DUMMYFUNCTION("""COMPUTED_VALUE"""),10) -> 10 | F65: =IFERROR(__xludf.DUMMYFUNCTION("""COMPUTED_VALUE"""),"• 『SLAM DUNK』：流川楓 • 『新機動戦記ガンダムW』：ヒイロ・ユイ • 『スレイヤーズ』：ゼルガディス＝グレイワーズ • 『あんさんぶるスターズ！』：天祥院英智 • 『DIABOLIK LOVERS』：逆巻アヤト • 『ワンパンマン』：ガロウ • 『名探偵コナン』：諸伏景光／スコッチ • 『SSSS.GRIDMAN』：グリッドマン") -> • 『SLAM DUNK』：流川楓 • 『新機動戦記ガンダムW』：ヒイロ・ユイ • 『スレイヤーズ』：ゼルガディス＝グレイワーズ • 『あんさんぶるスターズ！』：天祥院英智 • 『DIABOLIK LOVERS』：逆巻アヤト • 『ワンパンマン』：ガロウ • 『名探偵コナン』：諸伏景光／スコッチ • 『SSSS.GRIDMAN』：グリッドマン
A66: =IFERROR(__xludf.DUMMYFUNCTION("""COMPUTED_VALUE"""),"va_186") -> va_186 | B66: =IFERROR(__xludf.DUMMYFUNCTION("""COMPUTED_VALUE"""),"森川智之") -> 森川智之 | C66: =IFERROR(__xludf.DUMMYFUNCTION("""COMPUTED_VALUE"""),"T") -> T | D66: =IFERROR(__xludf.DUMMYFUNCTION("""COMPUTED_VALUE"""),"表示") -> 表示 | E66: =IFERROR(__xludf.DUMMYFUNCTION("""COMPUTED_VALUE"""),10) -> 10 | F66: =IFERROR(__xludf.DUMMYFUNCTION("""COMPUTED_VALUE"""),"• 『クレヨンしんちゃん』：野原ひろし（2代目） • 『ファイナルファンタジーVII』：セフィロス • 『鬼滅の刃』：産屋敷耀哉 • 『犬夜叉』：奈落 • 『ジョジョの奇妙な冒険 ダイヤモンドは砕けない』：吉良吉影 • 『名探偵コナン』：羽田秀吉 • 『メイドインアビス』：ボンドルド") -> • 『クレヨンしんちゃん』：野原ひろし（2代目） • 『ファイナルファンタジーVII』：セフィロス • 『鬼滅の刃』：産屋敷耀哉 • 『犬夜叉』：奈落 • 『ジョジョの奇妙な冒険 ダイヤモンドは砕けない』：吉良吉影 • 『名探偵コナン』：羽田秀吉 • 『メイドインアビス』：ボンドルド
A67: =IFERROR(__xludf.DUMMYFUNCTION("""COMPUTED_VALUE"""),"va_196") -> va_196 | B67: =IFERROR(__xludf.DUMMYFUNCTION("""COMPUTED_VALUE"""),"山谷祥生") -> 山谷祥生 | C67: =IFERROR(__xludf.DUMMYFUNCTION("""COMPUTED_VALUE"""),"T") -> T | D67: =IFERROR(__xludf.DUMMYFUNCTION("""COMPUTED_VALUE"""),"表示") -> 表示 | E67: =IFERROR(__xludf.DUMMYFUNCTION("""COMPUTED_VALUE"""),10) -> 10 | F67: =IFERROR(__xludf.DUMMYFUNCTION("""COMPUTED_VALUE"""),"・『一週間フレンズ。』： 長谷祐樹 ・『暗殺教室』： 杉野友人 ・『盾の勇者の成り上がり』： 川澄樹 ・『A3!』： 向坂椋 ・『魔入りました！入間くん』： シャックス・リード ・『アルドノア・ゼロ』： 箕国起助") -> ・『一週間フレンズ。』： 長谷祐樹 ・『暗殺教室』： 杉野友人 ・『盾の勇者の成り上がり』： 川澄樹 ・『A3!』： 向坂椋 ・『魔入りました！入間くん』： シャックス・リード ・『アルドノア・ゼロ』： 箕国起助
A68: =IFERROR(__xludf.DUMMYFUNCTION("""COMPUTED_VALUE"""),"va_043") -> va_043 | B68: =IFERROR(__xludf.DUMMYFUNCTION("""COMPUTED_VALUE"""),"置鮎龍太郎") -> 置鮎龍太郎 | C68: =IFERROR(__xludf.DUMMYFUNCTION("""COMPUTED_VALUE"""),"T") -> T | D68: =IFERROR(__xludf.DUMMYFUNCTION("""COMPUTED_VALUE"""),"表示") -> 表示 | E68: =IFERROR(__xludf.DUMMYFUNCTION("""COMPUTED_VALUE"""),9) -> 9 | F68: =IFERROR(__xludf.DUMMYFUNCTION("""COMPUTED_VALUE"""),"• 『テニスの王子様』：手塚国光 • 『BLEACH』：朽木白哉 • 『SLAM DUNK』：三井寿 • 『地獄先生ぬ～べ～』：鵺野鳴介 • 『鋼の錬金術師』：スカー • 『トリコ』：トリコ • 『名探偵コナン』：沖矢昴") -> • 『テニスの王子様』：手塚国光 • 『BLEACH』：朽木白哉 • 『SLAM DUNK』：三井寿 • 『地獄先生ぬ～べ～』：鵺野鳴介 • 『鋼の錬金術師』：スカー • 『トリコ』：トリコ • 『名探偵コナン』：沖矢昴
A69: =IFERROR(__xludf.DUMMYFUNCTION("""COMPUTED_VALUE"""),"va_080") -> va_080 | B69: =IFERROR(__xludf.DUMMYFUNCTION("""COMPUTED_VALUE"""),"子安武人") -> 子安武人 | C69: =IFERROR(__xludf.DUMMYFUNCTION("""COMPUTED_VALUE"""),"T") -> T | D69: =IFERROR(__xludf.DUMMYFUNCTION("""COMPUTED_VALUE"""),"表示") -> 表示 | E69: =IFERROR(__xludf.DUMMYFUNCTION("""COMPUTED_VALUE"""),9) -> 9 | F69: =IFERROR(__xludf.DUMMYFUNCTION("""COMPUTED_VALUE"""),"• 『ジョジョの奇妙な冒険』：ディオ・ブランドー／DIO • 『銀魂』：高杉晋助 • 『進撃の巨人』：ジーク・イェーガー • 『新機動戦記ガンダムW』：ゼクス・マーキス • 『機動戦士ガンダムSEED』：ムウ・ラ・フラガ • 『ONE PIECE』：クザン（青キジ） • 『Re:ゼロから始める異世界生活』：ロズワール・L・メイザース") -> • 『ジョジョの奇妙な冒険』：ディオ・ブランドー／DIO • 『銀魂』：高杉晋助 • 『進撃の巨人』：ジーク・イェーガー • 『新機動戦記ガンダムW』：ゼクス・マーキス • 『機動戦士ガンダムSEED』：ムウ・ラ・フラガ • 『ONE PIECE』：クザン（青キジ） • 『Re:ゼロから始める異世界生活』：ロズワール・L・メイザース
A70: =IFERROR(__xludf.DUMMYFUNCTION("""COMPUTED_VALUE"""),"va_098") -> va_098 | B70: =IFERROR(__xludf.DUMMYFUNCTION("""COMPUTED_VALUE"""),"杉山紀彰") -> 杉山紀彰 | C70: =IFERROR(__xludf.DUMMYFUNCTION("""COMPUTED_VALUE"""),"T") -> T | D70: =IFERROR(__xludf.DUMMYFUNCTION("""COMPUTED_VALUE"""),"表示") -> 表示 | E70: =IFERROR(__xludf.DUMMYFUNCTION("""COMPUTED_VALUE"""),9) -> 9 | F70: =IFERROR(__xludf.DUMMYFUNCTION("""COMPUTED_VALUE"""),"• 『NARUTO -ナルト-』：うちはサスケ • 『BLEACH』：石田雨竜 • 『Fate/stay night』：衛宮士郎 • 『ヘタリア』：イギリス • 『魔法使いの約束』：ネロ • 『ONE PIECE』：ヴィンスモーク・イチジ • 『ディズニー ツイステッドワンダーランド』：グリム") -> • 『NARUTO -ナルト-』：うちはサスケ • 『BLEACH』：石田雨竜 • 『Fate/stay night』：衛宮士郎 • 『ヘタリア』：イギリス • 『魔法使いの約束』：ネロ • 『ONE PIECE』：ヴィンスモーク・イチジ • 『ディズニー ツイステッドワンダーランド』：グリム
A71: =IFERROR(__xludf.DUMMYFUNCTION("""COMPUTED_VALUE"""),"va_111") -> va_111 | B71: =IFERROR(__xludf.DUMMYFUNCTION("""COMPUTED_VALUE"""),"高橋広樹") -> 高橋広樹 | C71: =IFERROR(__xludf.DUMMYFUNCTION("""COMPUTED_VALUE"""),"T") -> T | D71: =IFERROR(__xludf.DUMMYFUNCTION("""COMPUTED_VALUE"""),"表示") -> 表示 | E71: =IFERROR(__xludf.DUMMYFUNCTION("""COMPUTED_VALUE"""),9) -> 9 | F71: =IFERROR(__xludf.DUMMYFUNCTION("""COMPUTED_VALUE"""),"• 『ヘタリア』：日本 • 『遊☆戯☆王デュエルモンスターズ』：城之内克也 • 『テニスの王子様』：菊丸英二 • 『金色のガッシュベル!!』：パルコ・フォルゴーレ • 『抱かれたい男1位に脅されています。』：西條高人 • 『あんさんぶるスターズ！』：斎宮宗 • 『アイドリッシュセブン』：月雲了 • 『HUNTER×HUNTER』（旧アニメ）：ヒソカ") -> • 『ヘタリア』：日本 • 『遊☆戯☆王デュエルモンスターズ』：城之内克也 • 『テニスの王子様』：菊丸英二 • 『金色のガッシュベル!!』：パルコ・フォルゴーレ • 『抱かれたい男1位に脅されています。』：西條高人 • 『あんさんぶるスターズ！』：斎宮宗 • 『アイドリッシュセブン』：月雲了 • 『HUNTER×HUNTER』（旧アニメ）：ヒソカ
A72: =IFERROR(__xludf.DUMMYFUNCTION("""COMPUTED_VALUE"""),"va_155") -> va_155 | B72: =IFERROR(__xludf.DUMMYFUNCTION("""COMPUTED_VALUE"""),"広瀬裕也") -> 広瀬裕也 | C72: =IFERROR(__xludf.DUMMYFUNCTION("""COMPUTED_VALUE"""),"T") -> T | D72: =IFERROR(__xludf.DUMMYFUNCTION("""COMPUTED_VALUE"""),"表示") -> 表示 | E72: =IFERROR(__xludf.DUMMYFUNCTION("""COMPUTED_VALUE"""),9) -> 9 | F72: =IFERROR(__xludf.DUMMYFUNCTION("""COMPUTED_VALUE"""),"• 『SSSS.GRIDMAN』： 響裕太 • 『アイドリッシュセブン』： 亥清悠 • 『金装のヴェルメイユ～崖っぷち魔術師は最強の厄災と魔法世界を突き進む～』： アルト・ゴールドフィルド • 『魔都精兵のスレイブ』： 和倉優希 • 『ダンジョン飯』： ホルム") -> • 『SSSS.GRIDMAN』： 響裕太 • 『アイドリッシュセブン』： 亥清悠 • 『金装のヴェルメイユ～崖っぷち魔術師は最強の厄災と魔法世界を突き進む～』： アルト・ゴールドフィルド • 『魔都精兵のスレイブ』： 和倉優希 • 『ダンジョン飯』： ホルム
A73: =IFERROR(__xludf.DUMMYFUNCTION("""COMPUTED_VALUE"""),"va_156") -> va_156 | B73: =IFERROR(__xludf.DUMMYFUNCTION("""COMPUTED_VALUE"""),"日野聡") -> 日野聡 | C73: =IFERROR(__xludf.DUMMYFUNCTION("""COMPUTED_VALUE"""),"T") -> T | D73: =IFERROR(__xludf.DUMMYFUNCTION("""COMPUTED_VALUE"""),"表示") -> 表示 | E73: =IFERROR(__xludf.DUMMYFUNCTION("""COMPUTED_VALUE"""),9) -> 9 | F73: =IFERROR(__xludf.DUMMYFUNCTION("""COMPUTED_VALUE"""),"• 『オーバーロード』： アインズ・ウール・ゴウン／モモンガ • 『鬼滅の刃』： 煉獄杏寿郎 • 『ハイキュー!!』： 澤村大地 • 『銀魂』： 神威 • 『ゼロの使い魔』： 平賀才人 • 『灼眼のシャナ』： 坂井悠二 • 『NARUTO -ナルト- 疾風伝』： サイ • 『弱虫ペダル』： 新開隼人") -> • 『オーバーロード』： アインズ・ウール・ゴウン／モモンガ • 『鬼滅の刃』： 煉獄杏寿郎 • 『ハイキュー!!』： 澤村大地 • 『銀魂』： 神威 • 『ゼロの使い魔』： 平賀才人 • 『灼眼のシャナ』： 坂井悠二 • 『NARUTO -ナルト- 疾風伝』： サイ • 『弱虫ペダル』： 新開隼人
A74: =IFERROR(__xludf.DUMMYFUNCTION("""COMPUTED_VALUE"""),"va_164") -> va_164 | B74: =IFERROR(__xludf.DUMMYFUNCTION("""COMPUTED_VALUE"""),"細谷佳正") -> 細谷佳正 | C74: =IFERROR(__xludf.DUMMYFUNCTION("""COMPUTED_VALUE"""),"T") -> T | D74: =IFERROR(__xludf.DUMMYFUNCTION("""COMPUTED_VALUE"""),"表示") -> 表示 | E74: =IFERROR(__xludf.DUMMYFUNCTION("""COMPUTED_VALUE"""),9) -> 9 | F74: =IFERROR(__xludf.DUMMYFUNCTION("""COMPUTED_VALUE"""),"• 『進撃の巨人』： ライナー・ブラウン • 『テニスの王子様』： 白石蔵ノ介 • 『機動戦士ガンダム 鉄血のオルフェンズ』： オルガ・イツカ • 『黒子のバスケ』： 日向順平 • 『文豪ストレイドッグス』： 国木田独歩 • 『ハイキュー!!』： 東峰旭 • 『Free!』： 山崎宗介 • 『僕のヒーローアカデミア』： 常闇踏陰 • 『キングダム』： 王賁") -> • 『進撃の巨人』： ライナー・ブラウン • 『テニスの王子様』： 白石蔵ノ介 • 『機動戦士ガンダム 鉄血のオルフェンズ』： オルガ・イツカ • 『黒子のバスケ』： 日向順平 • 『文豪ストレイドッグス』： 国木田独歩 • 『ハイキュー!!』： 東峰旭 • 『Free!』： 山崎宗介 • 『僕のヒーローアカデミア』： 常闇踏陰 • 『キングダム』： 王賁
A75: =IFERROR(__xludf.DUMMYFUNCTION("""COMPUTED_VALUE"""),"va_227") -> va_227 | B75: =IFERROR(__xludf.DUMMYFUNCTION("""COMPUTED_VALUE"""),"鈴村健一") -> 鈴村健一 | C75: =IFERROR(__xludf.DUMMYFUNCTION("""COMPUTED_VALUE"""),"T") -> T | D75: =IFERROR(__xludf.DUMMYFUNCTION("""COMPUTED_VALUE"""),"表示") -> 表示 | E75: =IFERROR(__xludf.DUMMYFUNCTION("""COMPUTED_VALUE"""),9) -> 9 | F75: =IFERROR(__xludf.DUMMYFUNCTION("""COMPUTED_VALUE"""),"・『機動戦士ガンダムSEED DESTINY』： シン・アスカ ・『銀魂』： 沖田総悟 ・『鬼滅の刃』： 伊黒小芭内 ・『うたの☆プリンスさまっ♪』： 聖川真斗 ・『黒子のバスケ』： 紫原敦 ・『銀河英雄伝説 Die Neue These』： ヤン・ウェンリー") -> ・『機動戦士ガンダムSEED DESTINY』： シン・アスカ ・『銀魂』： 沖田総悟 ・『鬼滅の刃』： 伊黒小芭内 ・『うたの☆プリンスさまっ♪』： 聖川真斗 ・『黒子のバスケ』： 紫原敦 ・『銀河英雄伝説 Die Neue These』： ヤン・ウェンリー
A76: =IFERROR(__xludf.DUMMYFUNCTION("""COMPUTED_VALUE"""),"va_238") -> va_238 | B76: =IFERROR(__xludf.DUMMYFUNCTION("""COMPUTED_VALUE"""),"小野大輔") -> 小野大輔 | C76: =IFERROR(__xludf.DUMMYFUNCTION("""COMPUTED_VALUE"""),"T") -> T | D76: =IFERROR(__xludf.DUMMYFUNCTION("""COMPUTED_VALUE"""),"表示") -> 表示 | E76: =IFERROR(__xludf.DUMMYFUNCTION("""COMPUTED_VALUE"""),9) -> 9 | F76: =IFERROR(__xludf.DUMMYFUNCTION("""COMPUTED_VALUE"""),"・『黒執事』： セバスチャン・ミカエリス ・『ジョジョの奇妙な冒険 スターダストクルセイダース』： 空条承太郎 ・『進撃の巨人』： エルヴィン・スミス ・『涼宮ハルヒの憂鬱』： 古泉一樹 ・『おそ松さん』： 松野十四松 ・『デュラララ!!』： 平和島静雄") -> ・『黒執事』： セバスチャン・ミカエリス ・『ジョジョの奇妙な冒険 スターダストクルセイダース』： 空条承太郎 ・『進撃の巨人』： エルヴィン・スミス ・『涼宮ハルヒの憂鬱』： 古泉一樹 ・『おそ松さん』： 松野十四松 ・『デュラララ!!』： 平和島静雄
A77: =IFERROR(__xludf.DUMMYFUNCTION("""COMPUTED_VALUE"""),"va_014") -> va_014 | B77: =IFERROR(__xludf.DUMMYFUNCTION("""COMPUTED_VALUE"""),"石谷春貴") -> 石谷春貴 | C77: =IFERROR(__xludf.DUMMYFUNCTION("""COMPUTED_VALUE"""),"T") -> T | D77: =IFERROR(__xludf.DUMMYFUNCTION("""COMPUTED_VALUE"""),"表示") -> 表示 | E77: =IFERROR(__xludf.DUMMYFUNCTION("""COMPUTED_VALUE"""),8) -> 8 | F77: =IFERROR(__xludf.DUMMYFUNCTION("""COMPUTED_VALUE"""),"• 『響け！ユーフォニアム』：塚本秀一 • 『ヒプノシスマイク』：山田二郎 • 『AKIBA’S TRIP -THE ANIMATION-』：伝木凱タモツ • 『ぼくたちのリメイク』：鹿苑寺貫之 • 『この音とまれ！』：足立実康") -> • 『響け！ユーフォニアム』：塚本秀一 • 『ヒプノシスマイク』：山田二郎 • 『AKIBA’S TRIP -THE ANIMATION-』：伝木凱タモツ • 『ぼくたちのリメイク』：鹿苑寺貫之 • 『この音とまれ！』：足立実康
A78: =IFERROR(__xludf.DUMMYFUNCTION("""COMPUTED_VALUE"""),"va_050") -> va_050 | B78: =IFERROR(__xludf.DUMMYFUNCTION("""COMPUTED_VALUE"""),"笠間淳") -> 笠間淳 | C78: =IFERROR(__xludf.DUMMYFUNCTION("""COMPUTED_VALUE"""),"T") -> T | D78: =IFERROR(__xludf.DUMMYFUNCTION("""COMPUTED_VALUE"""),"表示") -> 表示 | E78: =IFERROR(__xludf.DUMMYFUNCTION("""COMPUTED_VALUE"""),8) -> 8 | F78: =IFERROR(__xludf.DUMMYFUNCTION("""COMPUTED_VALUE"""),"• 『アイドルマスター SideM』：葛之葉雨彦 • 『あんさんぶるスターズ！！』：HiMERU • 『THE FIRST SLAM DUNK』：三井寿 • 『REVENGER』：繰馬雷蔵 • 『ハイキュー!!』：尾白アラン • 『幼女戦記』：ヴィリバルト・ケーニッヒ") -> • 『アイドルマスター SideM』：葛之葉雨彦 • 『あんさんぶるスターズ！！』：HiMERU • 『THE FIRST SLAM DUNK』：三井寿 • 『REVENGER』：繰馬雷蔵 • 『ハイキュー!!』：尾白アラン • 『幼女戦記』：ヴィリバルト・ケーニッヒ
A79: =IFERROR(__xludf.DUMMYFUNCTION("""COMPUTED_VALUE"""),"va_115") -> va_115 | B79: =IFERROR(__xludf.DUMMYFUNCTION("""COMPUTED_VALUE"""),"谷山紀章") -> 谷山紀章 | C79: =IFERROR(__xludf.DUMMYFUNCTION("""COMPUTED_VALUE"""),"T") -> T | D79: =IFERROR(__xludf.DUMMYFUNCTION("""COMPUTED_VALUE"""),"表示") -> 表示 | E79: =IFERROR(__xludf.DUMMYFUNCTION("""COMPUTED_VALUE"""),8) -> 8 | F79: =IFERROR(__xludf.DUMMYFUNCTION("""COMPUTED_VALUE"""),"• 『文豪ストレイドッグス』：中原中也 • 『うたの☆プリンスさまっ♪』：四ノ宮那月 • 『進撃の巨人』：ジャン・キルシュタイン • 『金色のコルダ』：月森蓮 • 『SHOW BY ROCK!!』：クロウ • 『BASTARD!! -暗黒の破壊神-』：ダーク・シュナイダー • 『黒子のバスケ』：氷室辰也") -> • 『文豪ストレイドッグス』：中原中也 • 『うたの☆プリンスさまっ♪』：四ノ宮那月 • 『進撃の巨人』：ジャン・キルシュタイン • 『金色のコルダ』：月森蓮 • 『SHOW BY ROCK!!』：クロウ • 『BASTARD!! -暗黒の破壊神-』：ダーク・シュナイダー • 『黒子のバスケ』：氷室辰也
A80: =IFERROR(__xludf.DUMMYFUNCTION("""COMPUTED_VALUE"""),"va_158") -> va_158 | B80: =IFERROR(__xludf.DUMMYFUNCTION("""COMPUTED_VALUE"""),"深町寿成") -> 深町寿成 | C80: =IFERROR(__xludf.DUMMYFUNCTION("""COMPUTED_VALUE"""),"T") -> T | D80: =IFERROR(__xludf.DUMMYFUNCTION("""COMPUTED_VALUE"""),"表示") -> 表示 | E80: =IFERROR(__xludf.DUMMYFUNCTION("""COMPUTED_VALUE"""),8) -> 8 | F80: =IFERROR(__xludf.DUMMYFUNCTION("""COMPUTED_VALUE"""),"• 『ありふれた職業で世界最強』： 南雲ハジメ • 『アイドルマスター SideM』： 黒野玄武 • 『史上最強の大魔王、村人Aに転生する』： アード・メテオール • 『18TRIP』： 神名雪風 • 『DREAM!ing』： 虎澤一生 • 『神之塔 -Tower of God-』： ハツ") -> • 『ありふれた職業で世界最強』： 南雲ハジメ • 『アイドルマスター SideM』： 黒野玄武 • 『史上最強の大魔王、村人Aに転生する』： アード・メテオール • 『18TRIP』： 神名雪風 • 『DREAM!ing』： 虎澤一生 • 『神之塔 -Tower of God-』： ハツ
A81: =IFERROR(__xludf.DUMMYFUNCTION("""COMPUTED_VALUE"""),"va_168") -> va_168 | B81: =IFERROR(__xludf.DUMMYFUNCTION("""COMPUTED_VALUE"""),"保志総一朗") -> 保志総一朗 | C81: =IFERROR(__xludf.DUMMYFUNCTION("""COMPUTED_VALUE"""),"T") -> T | D81: =IFERROR(__xludf.DUMMYFUNCTION("""COMPUTED_VALUE"""),"表示") -> 表示 | E81: =IFERROR(__xludf.DUMMYFUNCTION("""COMPUTED_VALUE"""),8) -> 8 | F81: =IFERROR(__xludf.DUMMYFUNCTION("""COMPUTED_VALUE"""),"• 『機動戦士ガンダムSEED』／『SEED FREEDOM』： キラ・ヤマト • 『最遊記』シリーズ： 孫悟空 • 『戦国BASARA』： 真田幸村 • 『アイドリッシュセブン』： 百 • 『ひぐらしのなく頃に』： 前原圭一 • 『スクライド』： カズマ • 『そらのおとしもの』： 桜井智樹 • 『黒子のバスケ』： 笠松幸男") -> • 『機動戦士ガンダムSEED』／『SEED FREEDOM』： キラ・ヤマト • 『最遊記』シリーズ： 孫悟空 • 『戦国BASARA』： 真田幸村 • 『アイドリッシュセブン』： 百 • 『ひぐらしのなく頃に』： 前原圭一 • 『スクライド』： カズマ • 『そらのおとしもの』： 桜井智樹 • 『黒子のバスケ』： 笠松幸男
A82: =IFERROR(__xludf.DUMMYFUNCTION("""COMPUTED_VALUE"""),"va_176") -> va_176 | B82: =IFERROR(__xludf.DUMMYFUNCTION("""COMPUTED_VALUE"""),"三木眞一郎") -> 三木眞一郎 | C82: =IFERROR(__xludf.DUMMYFUNCTION("""COMPUTED_VALUE"""),"T") -> T | D82: =IFERROR(__xludf.DUMMYFUNCTION("""COMPUTED_VALUE"""),"表示") -> 表示 | E82: =IFERROR(__xludf.DUMMYFUNCTION("""COMPUTED_VALUE"""),8) -> 8 | F82: =IFERROR(__xludf.DUMMYFUNCTION("""COMPUTED_VALUE"""),"• 『ポケットモンスター』：コジロウ • 『頭文字D』：藤原拓海 • 『鋼の錬金術師 FULLMETAL ALCHEMIST』：ロイ・マスタング • 『BLEACH』：浦原喜助 • 『機動戦士ガンダム00』：ロックオン・ストラトス（ニール／ライル） • 『銀魂』：坂本辰馬 • 『薄桜鬼』：土方歳三") -> • 『ポケットモンスター』：コジロウ • 『頭文字D』：藤原拓海 • 『鋼の錬金術師 FULLMETAL ALCHEMIST』：ロイ・マスタング • 『BLEACH』：浦原喜助 • 『機動戦士ガンダム00』：ロックオン・ストラトス（ニール／ライル） • 『銀魂』：坂本辰馬 • 『薄桜鬼』：土方歳三
A83: =IFERROR(__xludf.DUMMYFUNCTION("""COMPUTED_VALUE"""),"va_265") -> va_265 | B83: =IFERROR(__xludf.DUMMYFUNCTION("""COMPUTED_VALUE"""),"石田彰") -> 石田彰 | C83: =IFERROR(__xludf.DUMMYFUNCTION("""COMPUTED_VALUE"""),"T") -> T | D83: =IFERROR(__xludf.DUMMYFUNCTION("""COMPUTED_VALUE"""),"表示") -> 表示 | E83: =IFERROR(__xludf.DUMMYFUNCTION("""COMPUTED_VALUE"""),8) -> 8 | F83: =IFERROR(__xludf.DUMMYFUNCTION("""COMPUTED_VALUE"""),"・『新世紀エヴァンゲリオン』： 渚カヲル ・『銀魂』： 桂小太郎 ・『機動戦士ガンダムSEED』： アスラン・ザラ ・『最遊記』： 猪八戒 ・『NARUTO -ナルト-』： 我愛羅 ・『鬼滅の刃』： 猗窩座 ・『文豪ストレイドッグス』： フョードル・ドストエフスキー") -> ・『新世紀エヴァンゲリオン』： 渚カヲル ・『銀魂』： 桂小太郎 ・『機動戦士ガンダムSEED』： アスラン・ザラ ・『最遊記』： 猪八戒 ・『NARUTO -ナルト-』： 我愛羅 ・『鬼滅の刃』： 猗窩座 ・『文豪ストレイドッグス』： フョードル・ドストエフスキー
A84: =IFERROR(__xludf.DUMMYFUNCTION("""COMPUTED_VALUE"""),"va_302") -> va_302 | B84: =IFERROR(__xludf.DUMMYFUNCTION("""COMPUTED_VALUE"""),"岸尾だいすけ") -> 岸尾だいすけ | C84: =IFERROR(__xludf.DUMMYFUNCTION("""COMPUTED_VALUE"""),"T") -> T | D84: =IFERROR(__xludf.DUMMYFUNCTION("""COMPUTED_VALUE"""),"表示") -> 表示 | E84: =IFERROR(__xludf.DUMMYFUNCTION("""COMPUTED_VALUE"""),8) -> 8 | F84: =IFERROR(__xludf.DUMMYFUNCTION("""COMPUTED_VALUE"""),"・『ゾイド -ZOIDS-』： バン・フライハイト ・『ヴァンパイア騎士』： 玖蘭枢 ・『弱虫ペダル』： 手嶋純太 ・『ロザリオとバンパイア』： 青野月音 ・『ドラゴンボール改』： ジース ・『東京喰種:re』： 旧多二福 ・『ファイナルファンタジーXIII-2』： ノエル・クライス") -> ・『ゾイド -ZOIDS-』： バン・フライハイト ・『ヴァンパイア騎士』： 玖蘭枢 ・『弱虫ペダル』： 手嶋純太 ・『ロザリオとバンパイア』： 青野月音 ・『ドラゴンボール改』： ジース ・『東京喰種:re』： 旧多二福 ・『ファイナルファンタジーXIII-2』： ノエル・クライス
A85: =IFERROR(__xludf.DUMMYFUNCTION("""COMPUTED_VALUE"""),"va_006") -> va_006 | B85: =IFERROR(__xludf.DUMMYFUNCTION("""COMPUTED_VALUE"""),"阿部敦") -> 阿部敦 | C85: =IFERROR(__xludf.DUMMYFUNCTION("""COMPUTED_VALUE"""),"T") -> T | D85: =IFERROR(__xludf.DUMMYFUNCTION("""COMPUTED_VALUE"""),"表示") -> 表示 | E85: =IFERROR(__xludf.DUMMYFUNCTION("""COMPUTED_VALUE"""),7) -> 7 | F85: =IFERROR(__xludf.DUMMYFUNCTION("""COMPUTED_VALUE"""),"• 『とある魔術の禁書目録』／『とある科学の超電磁砲』：上条当麻 • 『バクマン。』：真城最高 • 『アイドリッシュセブン』：逢坂壮五 • 『しゅごキャラ！』：相馬空海 • 『弱虫ペダル』：泉田塔一郎") -> • 『とある魔術の禁書目録』／『とある科学の超電磁砲』：上条当麻 • 『バクマン。』：真城最高 • 『アイドリッシュセブン』：逢坂壮五 • 『しゅごキャラ！』：相馬空海 • 『弱虫ペダル』：泉田塔一郎
A86: =IFERROR(__xludf.DUMMYFUNCTION("""COMPUTED_VALUE"""),"va_023") -> va_023 | B86: =IFERROR(__xludf.DUMMYFUNCTION("""COMPUTED_VALUE"""),"今井文也") -> 今井文也 | C86: =IFERROR(__xludf.DUMMYFUNCTION("""COMPUTED_VALUE"""),"T") -> T | D86: =IFERROR(__xludf.DUMMYFUNCTION("""COMPUTED_VALUE"""),"表示") -> 表示 | E86: =IFERROR(__xludf.DUMMYFUNCTION("""COMPUTED_VALUE"""),7) -> 7 | F86: =IFERROR(__xludf.DUMMYFUNCTION("""COMPUTED_VALUE"""),"• 『ギヴン』：鹿島柊 • 『神クズ☆アイドル』：仁淀ユウヤ • 『プロジェクトセカイ カラフルステージ！』：東雲彰人 • 『ハナビちゃんは遅れがち』：東雲ムサシ • 『A3!』：木之崎レント") -> • 『ギヴン』：鹿島柊 • 『神クズ☆アイドル』：仁淀ユウヤ • 『プロジェクトセカイ カラフルステージ！』：東雲彰人 • 『ハナビちゃんは遅れがち』：東雲ムサシ • 『A3!』：木之崎レント
A87: =IFERROR(__xludf.DUMMYFUNCTION("""COMPUTED_VALUE"""),"va_041") -> va_041 | B87: =IFERROR(__xludf.DUMMYFUNCTION("""COMPUTED_VALUE"""),"大塚剛央") -> 大塚剛央 | C87: =IFERROR(__xludf.DUMMYFUNCTION("""COMPUTED_VALUE"""),"T") -> T | D87: =IFERROR(__xludf.DUMMYFUNCTION("""COMPUTED_VALUE"""),"表示") -> 表示 | E87: =IFERROR(__xludf.DUMMYFUNCTION("""COMPUTED_VALUE"""),7) -> 7 | F87: =IFERROR(__xludf.DUMMYFUNCTION("""COMPUTED_VALUE"""),"• 『【推しの子】』：アクア • 『薬屋のひとりごと』：壬氏 • 『風が強く吹いている』：蔵原走 • 『アイドルマスター SideM』：眉見鋭心 • 『百千さん家のあやかし王子』：七守葵／鵺 • 『トリリオンゲーム』：天王寺陽") -> • 『【推しの子】』：アクア • 『薬屋のひとりごと』：壬氏 • 『風が強く吹いている』：蔵原走 • 『アイドルマスター SideM』：眉見鋭心 • 『百千さん家のあやかし王子』：七守葵／鵺 • 『トリリオンゲーム』：天王寺陽
A88: =IFERROR(__xludf.DUMMYFUNCTION("""COMPUTED_VALUE"""),"va_060") -> va_060 | B88: =IFERROR(__xludf.DUMMYFUNCTION("""COMPUTED_VALUE"""),"神尾晋一郎") -> 神尾晋一郎 | C88: =IFERROR(__xludf.DUMMYFUNCTION("""COMPUTED_VALUE"""),"T") -> T | D88: =IFERROR(__xludf.DUMMYFUNCTION("""COMPUTED_VALUE"""),"表示") -> 表示 | E88: =IFERROR(__xludf.DUMMYFUNCTION("""COMPUTED_VALUE"""),7) -> 7 | F88: =IFERROR(__xludf.DUMMYFUNCTION("""COMPUTED_VALUE"""),"• 『ヒプノシスマイク』：毒島メイソン理鶯 • 『あんさんぶるスターズ！』：鬼龍紅郎 • 『THE FIRST SLAM DUNK』：流川楓 • 『悪魔執事と黒い猫』：ボスキ・アリーナス • 『世界はほしいモノにあふれてる』：ナレーション") -> • 『ヒプノシスマイク』：毒島メイソン理鶯 • 『あんさんぶるスターズ！』：鬼龍紅郎 • 『THE FIRST SLAM DUNK』：流川楓 • 『悪魔執事と黒い猫』：ボスキ・アリーナス • 『世界はほしいモノにあふれてる』：ナレーション
A89: =IFERROR(__xludf.DUMMYFUNCTION("""COMPUTED_VALUE"""),"va_092") -> va_092 | B89: =IFERROR(__xludf.DUMMYFUNCTION("""COMPUTED_VALUE"""),"沢城千春") -> 沢城千春 | C89: =IFERROR(__xludf.DUMMYFUNCTION("""COMPUTED_VALUE"""),"T") -> T | D89: =IFERROR(__xludf.DUMMYFUNCTION("""COMPUTED_VALUE"""),"表示") -> 表示 | E89: =IFERROR(__xludf.DUMMYFUNCTION("""COMPUTED_VALUE"""),7) -> 7 | F89: =IFERROR(__xludf.DUMMYFUNCTION("""COMPUTED_VALUE"""),"• 『A3!』：摂津万里 • 『Caligula』：式島律 • 『トライブナイン』：タイガ • 『ラブ米 -WE LOVE RICE-』：ささにしき • 『スタンドマイヒーローズ』：九条壮馬 • 『チア男子!!』：安藤タケル") -> • 『A3!』：摂津万里 • 『Caligula』：式島律 • 『トライブナイン』：タイガ • 『ラブ米 -WE LOVE RICE-』：ささにしき • 『スタンドマイヒーローズ』：九条壮馬 • 『チア男子!!』：安藤タケル
A90: =IFERROR(__xludf.DUMMYFUNCTION("""COMPUTED_VALUE"""),"va_135") -> va_135 | B90: =IFERROR(__xludf.DUMMYFUNCTION("""COMPUTED_VALUE"""),"仲村宗悟") -> 仲村宗悟 | C90: =IFERROR(__xludf.DUMMYFUNCTION("""COMPUTED_VALUE"""),"T") -> T | D90: =IFERROR(__xludf.DUMMYFUNCTION("""COMPUTED_VALUE"""),"表示") -> 表示 | E90: =IFERROR(__xludf.DUMMYFUNCTION("""COMPUTED_VALUE"""),7) -> 7 | F90: =IFERROR(__xludf.DUMMYFUNCTION("""COMPUTED_VALUE"""),"• 『アイドルマスター SideM』：天道輝 • 『THE FIRST SLAM DUNK』：宮城リョータ • 『ブルーロック』：我牙丸吟 • 『TSUKIPRO THE ANIMATION』：久我壱星 • 『MILGRAM』：シドウ（桐崎獅童） • 『アオペラ -aoppella!?-』：深海ふかみ • 『刀剣乱舞』：北谷菜切") -> • 『アイドルマスター SideM』：天道輝 • 『THE FIRST SLAM DUNK』：宮城リョータ • 『ブルーロック』：我牙丸吟 • 『TSUKIPRO THE ANIMATION』：久我壱星 • 『MILGRAM』：シドウ（桐崎獅童） • 『アオペラ -aoppella!?-』：深海ふかみ • 『刀剣乱舞』：北谷菜切
A91: =IFERROR(__xludf.DUMMYFUNCTION("""COMPUTED_VALUE"""),"va_189") -> va_189 | B91: =IFERROR(__xludf.DUMMYFUNCTION("""COMPUTED_VALUE"""),"安元洋貴") -> 安元洋貴 | C91: =IFERROR(__xludf.DUMMYFUNCTION("""COMPUTED_VALUE"""),"T") -> T | D91: =IFERROR(__xludf.DUMMYFUNCTION("""COMPUTED_VALUE"""),"表示") -> 表示 | E91: =IFERROR(__xludf.DUMMYFUNCTION("""COMPUTED_VALUE"""),7) -> 7 | F91: =IFERROR(__xludf.DUMMYFUNCTION("""COMPUTED_VALUE"""),"• 『鬼灯の冷徹』：鬼灯 • 『BLEACH』：茶渡泰虎 • 『ヘタリア』：ドイツ • 『弱虫ペダル』：金城真護 • 『ワンパンマン』：キング • 『炎炎ノ消防隊』：カロン • 『王様ランキング』：アピス") -> • 『鬼灯の冷徹』：鬼灯 • 『BLEACH』：茶渡泰虎 • 『ヘタリア』：ドイツ • 『弱虫ペダル』：金城真護 • 『ワンパンマン』：キング • 『炎炎ノ消防隊』：カロン • 『王様ランキング』：アピス
A92: =IFERROR(__xludf.DUMMYFUNCTION("""COMPUTED_VALUE"""),"va_195") -> va_195 | B92: =IFERROR(__xludf.DUMMYFUNCTION("""COMPUTED_VALUE"""),"山本和臣") -> 山本和臣 | C92: =IFERROR(__xludf.DUMMYFUNCTION("""COMPUTED_VALUE"""),"T") -> T | D92: =IFERROR(__xludf.DUMMYFUNCTION("""COMPUTED_VALUE"""),"表示") -> 表示 | E92: =IFERROR(__xludf.DUMMYFUNCTION("""COMPUTED_VALUE"""),7) -> 7 | F92: =IFERROR(__xludf.DUMMYFUNCTION("""COMPUTED_VALUE"""),"・『機動戦士ガンダムAGE』： キオ・アスノ ・『美男高校地球防衛部LOVE!』： 箱根有基 ・『グレイプニル』： 春日勇 ・『なんでここに先生が!?』： 高橋隆 ・『あんさんぶるスターズ！』： 春川宙 ・『日常』： 中之条剛") -> ・『機動戦士ガンダムAGE』： キオ・アスノ ・『美男高校地球防衛部LOVE!』： 箱根有基 ・『グレイプニル』： 春日勇 ・『なんでここに先生が!?』： 高橋隆 ・『あんさんぶるスターズ！』： 春川宙 ・『日常』： 中之条剛
A93: =IFERROR(__xludf.DUMMYFUNCTION("""COMPUTED_VALUE"""),"va_198") -> va_198 | B93: =IFERROR(__xludf.DUMMYFUNCTION("""COMPUTED_VALUE"""),"代永翼") -> 代永翼 | C93: =IFERROR(__xludf.DUMMYFUNCTION("""COMPUTED_VALUE"""),"T") -> T | D93: =IFERROR(__xludf.DUMMYFUNCTION("""COMPUTED_VALUE"""),"表示") -> 表示 | E93: =IFERROR(__xludf.DUMMYFUNCTION("""COMPUTED_VALUE"""),7) -> 7 | F93: =IFERROR(__xludf.DUMMYFUNCTION("""COMPUTED_VALUE"""),"・『Free!』： 葉月渚 ・『アイドリッシュセブン』： 和泉三月 ・『おおきく振りかぶって』： 三橋廉 ・『カードファイト!! ヴァンガード』： 先導アイチ ・『弱虫ペダル』： 真波山岳 ・『ちはやふる』： 駒野勉") -> ・『Free!』： 葉月渚 ・『アイドリッシュセブン』： 和泉三月 ・『おおきく振りかぶって』： 三橋廉 ・『カードファイト!! ヴァンガード』： 先導アイチ ・『弱虫ペダル』： 真波山岳 ・『ちはやふる』： 駒野勉
A94: =IFERROR(__xludf.DUMMYFUNCTION("""COMPUTED_VALUE"""),"va_201") -> va_201 | B94: =IFERROR(__xludf.DUMMYFUNCTION("""COMPUTED_VALUE"""),"新垣樽助") -> 新垣樽助 | C94: =IFERROR(__xludf.DUMMYFUNCTION("""COMPUTED_VALUE"""),"T") -> T | D94: =IFERROR(__xludf.DUMMYFUNCTION("""COMPUTED_VALUE"""),"表示") -> 表示 | E94: =IFERROR(__xludf.DUMMYFUNCTION("""COMPUTED_VALUE"""),7) -> 7 | F94: =IFERROR(__xludf.DUMMYFUNCTION("""COMPUTED_VALUE"""),"• 『テニスの王子様』： 木手永四郎 • 『Fate/Zero』： 間桐雁夜 • 『僕のヒーローアカデミア』： 通形ミリオ • 『刀剣乱舞』： へし切長谷部／長曽祢虎徹 • 『囀る鳥は羽ばたかない』： 矢代 • 『NOBLESSE -ノブレス-』： カディス・エトラマ・デ・ライジェル • 『攻殻機動隊 ARISE』： トグサ") -> • 『テニスの王子様』： 木手永四郎 • 『Fate/Zero』： 間桐雁夜 • 『僕のヒーローアカデミア』： 通形ミリオ • 『刀剣乱舞』： へし切長谷部／長曽祢虎徹 • 『囀る鳥は羽ばたかない』： 矢代 • 『NOBLESSE -ノブレス-』： カディス・エトラマ・デ・ライジェル • 『攻殻機動隊 ARISE』： トグサ
A95: =IFERROR(__xludf.DUMMYFUNCTION("""COMPUTED_VALUE"""),"va_210") -> va_210 | B95: =IFERROR(__xludf.DUMMYFUNCTION("""COMPUTED_VALUE"""),"濱野大輝") -> 濱野大輝 | C95: =IFERROR(__xludf.DUMMYFUNCTION("""COMPUTED_VALUE"""),"T") -> T | D95: =IFERROR(__xludf.DUMMYFUNCTION("""COMPUTED_VALUE"""),"表示") -> 表示 | E95: =IFERROR(__xludf.DUMMYFUNCTION("""COMPUTED_VALUE"""),7) -> 7 | F95: =IFERROR(__xludf.DUMMYFUNCTION("""COMPUTED_VALUE"""),"• 『SSSS.DYNAZENON』： ガウマ • 『チェンソーマン』： サムライソード • 『トモダチゲーム』： 美笠天智 • 『アイドルマスター SideM』： 円城寺道流 • 『遊☆戯☆王VRAINS』： 鬼塚豪 • 『俺は全てを【パリイ】する』： ノール • 『機動戦士ガンダム 鉄血のオルフェンズ』： ダンテ・モグロ • 『BEYBLADE X』： 億長トグロ") -> • 『SSSS.DYNAZENON』： ガウマ • 『チェンソーマン』： サムライソード • 『トモダチゲーム』： 美笠天智 • 『アイドルマスター SideM』： 円城寺道流 • 『遊☆戯☆王VRAINS』： 鬼塚豪 • 『俺は全てを【パリイ】する』： ノール • 『機動戦士ガンダム 鉄血のオルフェンズ』： ダンテ・モグロ • 『BEYBLADE X』： 億長トグロ
A96: =IFERROR(__xludf.DUMMYFUNCTION("""COMPUTED_VALUE"""),"va_236") -> va_236 | B96: =IFERROR(__xludf.DUMMYFUNCTION("""COMPUTED_VALUE"""),"宮野真守") -> 宮野真守 | C96: =IFERROR(__xludf.DUMMYFUNCTION("""COMPUTED_VALUE"""),"T") -> T | D96: =IFERROR(__xludf.DUMMYFUNCTION("""COMPUTED_VALUE"""),"表示") -> 表示 | E96: =IFERROR(__xludf.DUMMYFUNCTION("""COMPUTED_VALUE"""),7) -> 7 | F96: =IFERROR(__xludf.DUMMYFUNCTION("""COMPUTED_VALUE"""),"・『DEATH NOTE』： 夜神月 ・『機動戦士ガンダム00』： 刹那・F・セイエイ ・『STEINS;GATE』： 岡部倫太郎 ・『文豪ストレイドッグス』： 太宰治 ・『Free!』： 松岡凛 ・『うたの☆プリンスさまっ♪』： 一ノ瀬トキヤ") -> ・『DEATH NOTE』： 夜神月 ・『機動戦士ガンダム00』： 刹那・F・セイエイ ・『STEINS;GATE』： 岡部倫太郎 ・『文豪ストレイドッグス』： 太宰治 ・『Free!』： 松岡凛 ・『うたの☆プリンスさまっ♪』： 一ノ瀬トキヤ
A97: =IFERROR(__xludf.DUMMYFUNCTION("""COMPUTED_VALUE"""),"va_269") -> va_269 | B97: =IFERROR(__xludf.DUMMYFUNCTION("""COMPUTED_VALUE"""),"森田成一") -> 森田成一 | C97: =IFERROR(__xludf.DUMMYFUNCTION("""COMPUTED_VALUE"""),"T") -> T | D97: =IFERROR(__xludf.DUMMYFUNCTION("""COMPUTED_VALUE"""),"表示") -> 表示 | E97: =IFERROR(__xludf.DUMMYFUNCTION("""COMPUTED_VALUE"""),7) -> 7 | F97: =IFERROR(__xludf.DUMMYFUNCTION("""COMPUTED_VALUE"""),"・『BLEACH』： 黒崎一護 ・『TIGER & BUNNY』： バーナビー・ブルックスJr. ・『キングダム』： 信 ・『FINAL FANTASY X』： ティーダ") -> ・『BLEACH』： 黒崎一護 ・『TIGER & BUNNY』： バーナビー・ブルックスJr. ・『キングダム』： 信 ・『FINAL FANTASY X』： ティーダ
A98: =IFERROR(__xludf.DUMMYFUNCTION("""COMPUTED_VALUE"""),"va_304") -> va_304 | B98: =IFERROR(__xludf.DUMMYFUNCTION("""COMPUTED_VALUE"""),"櫻井孝宏") -> 櫻井孝宏 | C98: =IFERROR(__xludf.DUMMYFUNCTION("""COMPUTED_VALUE"""),"T") -> T | D98: =IFERROR(__xludf.DUMMYFUNCTION("""COMPUTED_VALUE"""),"表示") -> 表示 | E98: =IFERROR(__xludf.DUMMYFUNCTION("""COMPUTED_VALUE"""),7) -> 7 | F98: =IFERROR(__xludf.DUMMYFUNCTION("""COMPUTED_VALUE"""),"・『鬼滅の刃』： 冨岡義勇 ・『コードギアス 反逆のルルーシュ』： 枢木スザク ・『モブサイコ100』： 霊幻新隆 ・『おそ松さん』： 松野おそ松 ・『PSYCHO-PASS サイコパス』： 槙島聖護 ・『NARUTO -ナルト-』： サソリ ・『ダイヤのA』： 御幸一也 ・『ジョジョの奇妙な冒険 ダイヤモンドは砕けない』： 岸辺露伴") -> ・『鬼滅の刃』： 冨岡義勇 ・『コードギアス 反逆のルルーシュ』： 枢木スザク ・『モブサイコ100』： 霊幻新隆 ・『おそ松さん』： 松野おそ松 ・『PSYCHO-PASS サイコパス』： 槙島聖護 ・『NARUTO -ナルト-』： サソリ ・『ダイヤのA』： 御幸一也 ・『ジョジョの奇妙な冒険 ダイヤモンドは砕けない』： 岸辺露伴
A99: =IFERROR(__xludf.DUMMYFUNCTION("""COMPUTED_VALUE"""),"va_038") -> va_038 | B99: =IFERROR(__xludf.DUMMYFUNCTION("""COMPUTED_VALUE"""),"小笠原仁") -> 小笠原仁 | C99: =IFERROR(__xludf.DUMMYFUNCTION("""COMPUTED_VALUE"""),"T") -> T | D99: =IFERROR(__xludf.DUMMYFUNCTION("""COMPUTED_VALUE"""),"表示") -> 表示 | E99: =IFERROR(__xludf.DUMMYFUNCTION("""COMPUTED_VALUE"""),6) -> 6 | F99: =IFERROR(__xludf.DUMMYFUNCTION("""COMPUTED_VALUE"""),"• 『from ARGONAVIS』：旭那由多 • 『カードファイト!! ヴァンガード will+Dress』：狐芝ライカ • 『WAVE!!～サーフィンやっぺ!!～』：秋月ショウ • 『カワイスギクライシス』：向井誠二 • 『18TRIP』：西園練牙 • 『SSSS.DYNAZENON』：淡木") -> • 『from ARGONAVIS』：旭那由多 • 『カードファイト!! ヴァンガード will+Dress』：狐芝ライカ • 『WAVE!!～サーフィンやっぺ!!～』：秋月ショウ • 『カワイスギクライシス』：向井誠二 • 『18TRIP』：西園練牙 • 『SSSS.DYNAZENON』：淡木
A100: =IFERROR(__xludf.DUMMYFUNCTION("""COMPUTED_VALUE"""),"va_077") -> va_077 | B100: =IFERROR(__xludf.DUMMYFUNCTION("""COMPUTED_VALUE"""),"駒田航") -> 駒田航 | C100: =IFERROR(__xludf.DUMMYFUNCTION("""COMPUTED_VALUE"""),"T") -> T | D100: =IFERROR(__xludf.DUMMYFUNCTION("""COMPUTED_VALUE"""),"表示") -> 表示 | E100: =IFERROR(__xludf.DUMMYFUNCTION("""COMPUTED_VALUE"""),6) -> 6 | F100: =IFERROR(__xludf.DUMMYFUNCTION("""COMPUTED_VALUE"""),"• 『ヒプノシスマイク』：入間銃兎 • 『アイドルマスター SideM』：古論クリス • 『あんさんぶるスターズ！』：椚章臣 • 『ディズニー ツイステッドワンダーランド』：ジェイド・リーチ • 『華Doll＊』：チセ") -> • 『ヒプノシスマイク』：入間銃兎 • 『アイドルマスター SideM』：古論クリス • 『あんさんぶるスターズ！』：椚章臣 • 『ディズニー ツイステッドワンダーランド』：ジェイド・リーチ • 『華Doll＊』：チセ
...

Sheet 代表作一覧
A1: 声優名 | B1: 代表作
A2: =IFERROR(__xludf.DUMMYFUNCTION("FILTER({'声優一覧'!B2:B1000, '声優一覧'!F2:F1000}, '声優一覧'!C2:C1000=""T"")"),"赤羽根健治") -> 赤羽根健治 | B2: =IFERROR(__xludf.DUMMYFUNCTION("""COMPUTED_VALUE"""),"• 『真マジンガー 衝撃! Z編』：兜甲児 • 『THE IDOLM@STER』：プロデューサー • 『ジュエルペット てぃんくる☆』：レオン • 『宇崎ちゃんは遊びたい！』：桜井真一 • 『世界最高の暗殺者、異世界貴族に転生する』：ルーグ") -> • 『真マジンガー 衝撃! Z編』：兜甲児 • 『THE IDOLM@STER』：プロデューサー • 『ジュエルペット てぃんくる☆』：レオン • 『宇崎ちゃんは遊びたい！』：桜井真一 • 『世界最高の暗殺者、異世界貴族に転生する』：ルーグ
A3: =IFERROR(__xludf.DUMMYFUNCTION("""COMPUTED_VALUE"""),"阿座上洋平") -> 阿座上洋平 | B3: =IFERROR(__xludf.DUMMYFUNCTION("""COMPUTED_VALUE"""),"• 『機動戦士ガンダム 水星の魔女』：グエル・ジェターク • 『あんさんぶるスターズ！！』：天城燐音 • 『クロムクロ』：青馬剣之介時貞 • 『鴨乃橋ロンの禁断推理』：鴨乃橋ロン") -> • 『機動戦士ガンダム 水星の魔女』：グエル・ジェターク • 『あんさんぶるスターズ！！』：天城燐音 • 『クロムクロ』：青馬剣之介時貞 • 『鴨乃橋ロンの禁断推理』：鴨乃橋ロン
A4: =IFERROR(__xludf.DUMMYFUNCTION("""COMPUTED_VALUE"""),"浅沼晋太郎") -> 浅沼晋太郎 | B4: =IFERROR(__xludf.DUMMYFUNCTION("""COMPUTED_VALUE"""),"• 『ヒプノシスマイク』：碧棺左馬刻 • 『あんさんぶるスターズ！』：月永レオ • 『生徒会役員共』：津田タカトシ • 『ダイヤのA』：倉持洋一 • 『ギヴン』：村田雨月") -> • 『ヒプノシスマイク』：碧棺左馬刻 • 『あんさんぶるスターズ！』：月永レオ • 『生徒会役員共』：津田タカトシ • 『ダイヤのA』：倉持洋一 • 『ギヴン』：村田雨月
A5: =IFERROR(__xludf.DUMMYFUNCTION("""COMPUTED_VALUE"""),"浅利遼太") -> 浅利遼太 | B5: =IFERROR(__xludf.DUMMYFUNCTION("""COMPUTED_VALUE"""),"• 『刀剣乱舞』：平野藤四郎／明石国行／ソハヤノツルキ • 『ワールドトリガー』：小荒井登 • 『D.Gray-man HALLOW』：アルマ＝カルマ • 『妖怪ウォッチ』：砂夫／土蜘蛛 • 『呪術廻戦』：新田新") -> • 『刀剣乱舞』：平野藤四郎／明石国行／ソハヤノツルキ • 『ワールドトリガー』：小荒井登 • 『D.Gray-man HALLOW』：アルマ＝カルマ • 『妖怪ウォッチ』：砂夫／土蜘蛛 • 『呪術廻戦』：新田新
A6: =IFERROR(__xludf.DUMMYFUNCTION("""COMPUTED_VALUE"""),"阿部敦") -> 阿部敦 | B6: =IFERROR(__xludf.DUMMYFUNCTION("""COMPUTED_VALUE"""),"• 『とある魔術の禁書目録』／『とある科学の超電磁砲』：上条当麻 • 『バクマン。』：真城最高 • 『アイドリッシュセブン』：逢坂壮五 • 『しゅごキャラ！』：相馬空海 • 『弱虫ペダル』：泉田塔一郎") -> • 『とある魔術の禁書目録』／『とある科学の超電磁砲』：上条当麻 • 『バクマン。』：真城最高 • 『アイドリッシュセブン』：逢坂壮五 • 『しゅごキャラ！』：相馬空海 • 『弱虫ペダル』：泉田塔一郎
A7: =IFERROR(__xludf.DUMMYFUNCTION("""COMPUTED_VALUE"""),"天﨑滉平") -> 天﨑滉平 | B7: =IFERROR(__xludf.DUMMYFUNCTION("""COMPUTED_VALUE"""),"• 『ヒプノシスマイク』：山田三郎 • 『Re:ゼロから始める異世界生活』：オットー・スーウェン • 『ハイスコアガール』：矢口春雄 • 『僕のヒーローアカデミア』：物間寧人 • 『あんさんぶるスターズ！！』：白鳥藍良") -> • 『ヒプノシスマイク』：山田三郎 • 『Re:ゼロから始める異世界生活』：オットー・スーウェン • 『ハイスコアガール』：矢口春雄 • 『僕のヒーローアカデミア』：物間寧人 • 『あんさんぶるスターズ！！』：白鳥藍良
A8: =IFERROR(__xludf.DUMMYFUNCTION("""COMPUTED_VALUE"""),"蒼井翔太") -> 蒼井翔太 | B8: =IFERROR(__xludf.DUMMYFUNCTION("""COMPUTED_VALUE"""),"• 『うたの☆プリンスさまっ♪』：美風藍 • 『KING OF PRISM』：如月ルヰ • 『乙女ゲームの破滅フラグしかない悪役令嬢に転生してしまった…』：ジオルド・スティアート • 『ツキウタ。』：水無月涙 • 『ヴィジュアルプリズン』：ハイド・ジャイエ") -> • 『うたの☆プリンスさまっ♪』：美風藍 • 『KING OF PRISM』：如月ルヰ • 『乙女ゲームの破滅フラグしかない悪役令嬢に転生してしまった…』：ジオルド・スティアート • 『ツキウタ。』：水無月涙 • 『ヴィジュアルプリズン』：ハイド・ジャイエ
A9: =IFERROR(__xludf.DUMMYFUNCTION("""COMPUTED_VALUE"""),"井口祐一") -> 井口祐一 | B9: =IFERROR(__xludf.DUMMYFUNCTION("""COMPUTED_VALUE"""),"• 『僕らはみんな河合荘』：宇佐和成 • 『はたらく魔王さま！』：猿江三月／サリエル • 『FAIRY TAIL』：マックス • 『Spiritpact』：楊敬華 • 『BEASTARS』：キビ") -> • 『僕らはみんな河合荘』：宇佐和成 • 『はたらく魔王さま！』：猿江三月／サリエル • 『FAIRY TAIL』：マックス • 『Spiritpact』：楊敬華 • 『BEASTARS』：キビ
A10: =IFERROR(__xludf.DUMMYFUNCTION("""COMPUTED_VALUE"""),"石川界人") -> 石川界人 | B10: =IFERROR(__xludf.DUMMYFUNCTION("""COMPUTED_VALUE"""),"• 『ハイキュー!!』：影山飛雄 • 『ワンパンマン』：ジェノス • 『僕のヒーローアカデミア』：飯田天哉 • 『盾の勇者の成り上がり』：岩谷尚文 • 『青春ブタ野郎シリーズ』：梓川咲太 • 『わたしの幸せな結婚』：久堂清霞") -> • 『ハイキュー!!』：影山飛雄 • 『ワンパンマン』：ジェノス • 『僕のヒーローアカデミア』：飯田天哉 • 『盾の勇者の成り上がり』：岩谷尚文 • 『青春ブタ野郎シリーズ』：梓川咲太 • 『わたしの幸せな結婚』：久堂清霞
A11: =IFERROR(__xludf.DUMMYFUNCTION("""COMPUTED_VALUE"""),"石谷春貴") -> 石谷春貴 | B11: =IFERROR(__xludf.DUMMYFUNCTION("""COMPUTED_VALUE"""),"• 『響け！ユーフォニアム』：塚本秀一 • 『ヒプノシスマイク』：山田二郎 • 『AKIBA’S TRIP -THE ANIMATION-』：伝木凱タモツ • 『ぼくたちのリメイク』：鹿苑寺貫之 • 『この音とまれ！』：足立実康") -> • 『響け！ユーフォニアム』：塚本秀一 • 『ヒプノシスマイク』：山田二郎 • 『AKIBA’S TRIP -THE ANIMATION-』：伝木凱タモツ • 『ぼくたちのリメイク』：鹿苑寺貫之 • 『この音とまれ！』：足立実康
A12: =IFERROR(__xludf.DUMMYFUNCTION("""COMPUTED_VALUE"""),"市川蒼") -> 市川蒼 | B12: =IFERROR(__xludf.DUMMYFUNCTION("""COMPUTED_VALUE"""),"• 『Just Because!』：泉瑛太 • 『ダーリン・イン・ザ・フランキス』：ミツル • 『ツルネ ―風舞高校弓道部―』：竹早静弥 • 『ブルーロック』：五十嵐栗夢 • 『地獄楽』：山田浅ェ門付知 • 『ディズニー ツイステッドワンダーランド』：ラギー・ブッチ") -> • 『Just Because!』：泉瑛太 • 『ダーリン・イン・ザ・フランキス』：ミツル • 『ツルネ ―風舞高校弓道部―』：竹早静弥 • 『ブルーロック』：五十嵐栗夢 • 『地獄楽』：山田浅ェ門付知 • 『ディズニー ツイステッドワンダーランド』：ラギー・ブッチ
A13: =IFERROR(__xludf.DUMMYFUNCTION("""COMPUTED_VALUE"""),"市川太一") -> 市川太一 | B13: =IFERROR(__xludf.DUMMYFUNCTION("""COMPUTED_VALUE"""),"• 『カブキブ！』：来栖黒悟 • 『やがて君になる』：槙聖司 • 『終末のハーレム』：水原怜人 • 『時々ボソッとロシア語でデレる隣のアーリャさん』：清宮光瑠") -> • 『カブキブ！』：来栖黒悟 • 『やがて君になる』：槙聖司 • 『終末のハーレム』：水原怜人 • 『時々ボソッとロシア語でデレる隣のアーリャさん』：清宮光瑠
A14: =IFERROR(__xludf.DUMMYFUNCTION("""COMPUTED_VALUE"""),"市来光弘") -> 市来光弘 | B14: =IFERROR(__xludf.DUMMYFUNCTION("""COMPUTED_VALUE"""),"• 『刀剣乱舞』：大和守安定 • 『スクールランブル』：麻生広義 • 『会長はメイド様！』：白川直也 • 『ドロヘドロ』：カスカベ • 『佐々木と宮野』：田代権三郎 • 『八十亀ちゃんかんさつにっき』：陣界斗") -> • 『刀剣乱舞』：大和守安定 • 『スクールランブル』：麻生広義 • 『会長はメイド様！』：白川直也 • 『ドロヘドロ』：カスカベ • 『佐々木と宮野』：田代権三郎 • 『八十亀ちゃんかんさつにっき』：陣界斗
A15: =IFERROR(__xludf.DUMMYFUNCTION("""COMPUTED_VALUE"""),"伊東健人") -> 伊東健人 | B15: =IFERROR(__xludf.DUMMYFUNCTION("""COMPUTED_VALUE"""),"• 『ヲタクに恋は難しい』：二藤宏嵩 • 『【推しの子】』：ゴロー • 『ヒプノシスマイク』：観音坂独歩 • 『アイドルマスター SideM』：硲道夫 • 『プロジェクトセカイ カラフルステージ！』：青柳冬弥") -> • 『ヲタクに恋は難しい』：二藤宏嵩 • 『【推しの子】』：ゴロー • 『ヒプノシスマイク』：観音坂独歩 • 『アイドルマスター SideM』：硲道夫 • 『プロジェクトセカイ カラフルステージ！』：青柳冬弥
A16: =IFERROR(__xludf.DUMMYFUNCTION("""COMPUTED_VALUE"""),"井上和彦") -> 井上和彦 | B16: =IFERROR(__xludf.DUMMYFUNCTION("""COMPUTED_VALUE"""),"• 『NARUTO -ナルト-』：はたけカカシ • 『夏目友人帳』：ニャンコ先生／斑 • 『美味しんぼ』：山岡士郎 • 『サイボーグ009』：島村ジョー • 『機動戦士Ζガンダム』：ジェリド・メサ • 『名探偵コナン』：白鳥任三郎") -> • 『NARUTO -ナルト-』：はたけカカシ • 『夏目友人帳』：ニャンコ先生／斑 • 『美味しんぼ』：山岡士郎 • 『サイボーグ009』：島村ジョー • 『機動戦士Ζガンダム』：ジェリド・メサ • 『名探偵コナン』：白鳥任三郎
A17: =IFERROR(__xludf.DUMMYFUNCTION("""COMPUTED_VALUE"""),"井上雄貴") -> 井上雄貴 | B17: =IFERROR(__xludf.DUMMYFUNCTION("""COMPUTED_VALUE"""),"• 『天使の3P!』：貫井響 • 『かくりよの宿飯』：サスケ • 『アトム ザ・ビギニング』：A106 • 『月刊モー想科学』：ノイン • 『ハイキュー!!』：姫川葵") -> • 『天使の3P!』：貫井響 • 『かくりよの宿飯』：サスケ • 『アトム ザ・ビギニング』：A106 • 『月刊モー想科学』：ノイン • 『ハイキュー!!』：姫川葵
A18: =IFERROR(__xludf.DUMMYFUNCTION("""COMPUTED_VALUE"""),"今井文也") -> 今井文也 | B18: =IFERROR(__xludf.DUMMYFUNCTION("""COMPUTED_VALUE"""),"• 『ギヴン』：鹿島柊 • 『神クズ☆アイドル』：仁淀ユウヤ • 『プロジェクトセカイ カラフルステージ！』：東雲彰人 • 『ハナビちゃんは遅れがち』：東雲ムサシ • 『A3!』：木之崎レント") -> • 『ギヴン』：鹿島柊 • 『神クズ☆アイドル』：仁淀ユウヤ • 『プロジェクトセカイ カラフルステージ！』：東雲彰人 • 『ハナビちゃんは遅れがち』：東雲ムサシ • 『A3!』：木之崎レント
A19: =IFERROR(__xludf.DUMMYFUNCTION("""COMPUTED_VALUE"""),"入江玲於奈") -> 入江玲於奈 | B19: =IFERROR(__xludf.DUMMYFUNCTION("""COMPUTED_VALUE"""),"• 『刀剣乱舞』：前田藤四郎 • 『プリンスPiaキャロット』：立花心路 • 『でみめん』：サタン • 『乙女剣武蔵』：宍戸梅軒") -> • 『刀剣乱舞』：前田藤四郎 • 『プリンスPiaキャロット』：立花心路 • 『でみめん』：サタン • 『乙女剣武蔵』：宍戸梅軒
A20: =IFERROR(__xludf.DUMMYFUNCTION("""COMPUTED_VALUE"""),"入野自由") -> 入野自由 | B20: =IFERROR(__xludf.DUMMYFUNCTION("""COMPUTED_VALUE"""),"• 『おそ松さん』：松野トド松 • 『ハイキュー!!』：菅原孝支 • 『千と千尋の神隠し』：ハク • 『キングダム ハーツ』：ソラ • 『アイシールド21』：小早川瀬那 • 『あの日見た花の名前を僕達はまだ知らない。』：宿海仁太") -> • 『おそ松さん』：松野トド松 • 『ハイキュー!!』：菅原孝支 • 『千と千尋の神隠し』：ハク • 『キングダム ハーツ』：ソラ • 『アイシールド21』：小早川瀬那 • 『あの日見た花の名前を僕達はまだ知らない。』：宿海仁太
A21: =IFERROR(__xludf.DUMMYFUNCTION("""COMPUTED_VALUE"""),"岩崎諒太") -> 岩崎諒太 | B21: =IFERROR(__xludf.DUMMYFUNCTION("""COMPUTED_VALUE"""),"• 『ヒプノシスマイク』：白膠木簓 • 『僕のヒーローアカデミア』：夜嵐イナサ • 『ザ・ファブル』：黒塩遼 • 『柚木さんちの四兄弟。』：柚木隼 • 『からくりサーカス』：仲町紀之") -> • 『ヒプノシスマイク』：白膠木簓 • 『僕のヒーローアカデミア』：夜嵐イナサ • 『ザ・ファブル』：黒塩遼 • 『柚木さんちの四兄弟。』：柚木隼 • 『からくりサーカス』：仲町紀之
A22: =IFERROR(__xludf.DUMMYFUNCTION("""COMPUTED_VALUE"""),"岩中睦樹") -> 岩中睦樹 | B22: =IFERROR(__xludf.DUMMYFUNCTION("""COMPUTED_VALUE"""),"• 『月がきれい』：立花大輔 • 『ようこそ実力至上主義の教室へ』：山内春樹 • 『キャプテン翼』：井沢守 • 『AIの遺電子』：ジェイ • 『ネガポジアングラー』：佐々木常宏 • 『妻、小学生になる。』：愛川蓮司") -> • 『月がきれい』：立花大輔 • 『ようこそ実力至上主義の教室へ』：山内春樹 • 『キャプテン翼』：井沢守 • 『AIの遺電子』：ジェイ • 『ネガポジアングラー』：佐々木常宏 • 『妻、小学生になる。』：愛川蓮司
A23: =IFERROR(__xludf.DUMMYFUNCTION("""COMPUTED_VALUE"""),"上村祐翔") -> 上村祐翔 | B23: =IFERROR(__xludf.DUMMYFUNCTION("""COMPUTED_VALUE"""),"• 『文豪ストレイドッグス』：中島敦 • 『ダーリン・イン・ザ・フランキス』：ヒロ • 『僕のヒーローアカデミア』：天喰環 • 『ヴィンランド・サガ』：トルフィン • 『ツルネ ―風舞高校弓道部―』：鳴宮湊 • 『B-PROJECT』：増長和南") -> • 『文豪ストレイドッグス』：中島敦 • 『ダーリン・イン・ザ・フランキス』：ヒロ • 『僕のヒーローアカデミア』：天喰環 • 『ヴィンランド・サガ』：トルフィン • 『ツルネ ―風舞高校弓道部―』：鳴宮湊 • 『B-PROJECT』：増長和南
A24: =IFERROR(__xludf.DUMMYFUNCTION("""COMPUTED_VALUE"""),"内田修一") -> 内田修一 | B24: =IFERROR(__xludf.DUMMYFUNCTION("""COMPUTED_VALUE"""),"• 『灼熱カバディ』：栄倉祐 • 『カミエラビ GOD.app』：秋津豊 • 『転生貴族、鑑定スキルで成り上がる』：ブラッハム・ジョー • 『その着せ替え人形は恋をする』：森田健星 • 『夫婦以上、恋人未満。』：寺船周 • 『アンダーニンジャ』：瑛太") -> • 『灼熱カバディ』：栄倉祐 • 『カミエラビ GOD.app』：秋津豊 • 『転生貴族、鑑定スキルで成り上がる』：ブラッハム・ジョー • 『その着せ替え人形は恋をする』：森田健星 • 『夫婦以上、恋人未満。』：寺船周 • 『アンダーニンジャ』：瑛太
A25: =IFERROR(__xludf.DUMMYFUNCTION("""COMPUTED_VALUE"""),"内田雄馬") -> 内田雄馬 | B25: =IFERROR(__xludf.DUMMYFUNCTION("""COMPUTED_VALUE"""),"• 『呪術廻戦』：伏黒恵 • 『BANANA FISH』：アッシュ・リンクス • 『ブルーロック』：御影玲王 • 『WIND BREAKER』：桜遥 • 『フルーツバスケット』：草摩夾 • 『マクロスΔ』：ハヤテ・インメルマン • 『りゅうおうのおしごと！』：九頭竜八一") -> • 『呪術廻戦』：伏黒恵 • 『BANANA FISH』：アッシュ・リンクス • 『ブルーロック』：御影玲王 • 『WIND BREAKER』：桜遥 • 『フルーツバスケット』：草摩夾 • 『マクロスΔ』：ハヤテ・インメルマン • 『りゅうおうのおしごと！』：九頭竜八一
A26: =IFERROR(__xludf.DUMMYFUNCTION("""COMPUTED_VALUE"""),"内山昂輝") -> 内山昂輝 | B26: =IFERROR(__xludf.DUMMYFUNCTION("""COMPUTED_VALUE"""),"• 『ハイキュー!!』：月島蛍 • 『僕のヒーローアカデミア』：死柄木弔 • 『呪術廻戦』：狗巻棘 • 『機動戦士ガンダムUC』：バナージ・リンクス • 『Free!』：桐嶋郁弥 • 『キングダム ハーツ』：ロクサス／ヴェントゥス • 『ホリミヤ』：宮村伊澄") -> • 『ハイキュー!!』：月島蛍 • 『僕のヒーローアカデミア』：死柄木弔 • 『呪術廻戦』：狗巻棘 • 『機動戦士ガンダムUC』：バナージ・リンクス • 『Free!』：桐嶋郁弥 • 『キングダム ハーツ』：ロクサス／ヴェントゥス • 『ホリミヤ』：宮村伊澄
A27: =IFERROR(__xludf.DUMMYFUNCTION("""COMPUTED_VALUE"""),"梅田修一朗") -> 梅田修一朗 | B27: =IFERROR(__xludf.DUMMYFUNCTION("""COMPUTED_VALUE"""),"• 『可愛いだけじゃない式守さん』：和泉くん • 『魔法使い黎明期』：セービル • 『ゾンビ100～ゾンビになるまでにしたい100のこと～』：天道輝 • 『負けヒロインが多すぎる！』：温水和彦 • 『光が死んだ夏』：ヒカル • 『ヴィジランテ -僕のヒーローアカデミア ILLEGALS-』：灰廻航一") -> • 『可愛いだけじゃない式守さん』：和泉くん • 『魔法使い黎明期』：セービル • 『ゾンビ100～ゾンビになるまでにしたい100のこと～』：天道輝 • 『負けヒロインが多すぎる！』：温水和彦 • 『光が死んだ夏』：ヒカル • 『ヴィジランテ -僕のヒーローアカデミア ILLEGALS-』：灰廻航一
A28: =IFERROR(__xludf.DUMMYFUNCTION("""COMPUTED_VALUE"""),"梅原裕一郎") -> 梅原裕一郎 | B28: =IFERROR(__xludf.DUMMYFUNCTION("""COMPUTED_VALUE"""),"• 『ゴブリンスレイヤー』：ゴブリンスレイヤー • 『美男高校地球防衛部LOVE!』：由布院煙 • 『あんさんぶるスターズ！』：蓮巳敬人 • 『アイドルマスター SideM』：鷹城恭二 • 『魔王学院の不適合者』：アノス・ヴォルディゴード • 『WIND BREAKER』：十亀条 • 『ディズニー ツイステッドワンダーランド』：レオナ・キングスカラー") -> • 『ゴブリンスレイヤー』：ゴブリンスレイヤー • 『美男高校地球防衛部LOVE!』：由布院煙 • 『あんさんぶるスターズ！』：蓮巳敬人 • 『アイドルマスター SideM』：鷹城恭二 • 『魔王学院の不適合者』：アノス・ヴォルディゴード • 『WIND BREAKER』：十亀条 • 『ディズニー ツイステッドワンダーランド』：レオナ・キングスカラー
A29: =IFERROR(__xludf.DUMMYFUNCTION("""COMPUTED_VALUE"""),"浦和希") -> 浦和希 | B29: =IFERROR(__xludf.DUMMYFUNCTION("""COMPUTED_VALUE"""),"• 『ブルーロック』：潔世一 • 『シャドウバースF』：真壁スバル • 『テクノロイド オーバーマインド』：コバルト • 『桃源暗鬼』：一ノ瀬四季 • 『カミエラビ GOD.app』：ゴロー • 『悪魔執事と黒い猫』：ナック・シュタイン") -> • 『ブルーロック』：潔世一 • 『シャドウバースF』：真壁スバル • 『テクノロイド オーバーマインド』：コバルト • 『桃源暗鬼』：一ノ瀬四季 • 『カミエラビ GOD.app』：ゴロー • 『悪魔執事と黒い猫』：ナック・シュタイン
A30: =IFERROR(__xludf.DUMMYFUNCTION("""COMPUTED_VALUE"""),"江口拓也") -> 江口拓也 | B30: =IFERROR(__xludf.DUMMYFUNCTION("""COMPUTED_VALUE"""),"• 『SPY×FAMILY』：ロイド・フォージャー • 『やはり俺の青春ラブコメはまちがっている。』：比企谷八幡 • 『アイドリッシュセブン』：六弥ナギ • 『東京リベンジャーズ』：半間修二 • 『転生したらスライムだった件』：ソウエイ • 『マッシュル-MASHLE-』：ドット・バレット • 『あんさんぶるスターズ！』：日々樹渉") -> • 『SPY×FAMILY』：ロイド・フォージャー • 『やはり俺の青春ラブコメはまちがっている。』：比企谷八幡 • 『アイドリッシュセブン』：六弥ナギ • 『東京リベンジャーズ』：半間修二 • 『転生したらスライムだった件』：ソウエイ • 『マッシュル-MASHLE-』：ドット・バレット • 『あんさんぶるスターズ！』：日々樹渉
A31: =IFERROR(__xludf.DUMMYFUNCTION("""COMPUTED_VALUE"""),"榎木淳弥") -> 榎木淳弥 | B31: =IFERROR(__xludf.DUMMYFUNCTION("""COMPUTED_VALUE"""),"• 『呪術廻戦』：虎杖悠仁 • 『ジョジョの奇妙な冒険 黄金の風』：パンナコッタ・フーゴ • 『トニカクカワイイ』：由崎星空 • 『アイドルマスター SideM』：舞田類 • 『め組の大吾 救国のオレンジ』：十朱大吾") -> • 『呪術廻戦』：虎杖悠仁 • 『ジョジョの奇妙な冒険 黄金の風』：パンナコッタ・フーゴ • 『トニカクカワイイ』：由崎星空 • 『アイドルマスター SideM』：舞田類 • 『め組の大吾 救国のオレンジ』：十朱大吾
A32: =IFERROR(__xludf.DUMMYFUNCTION("""COMPUTED_VALUE"""),"逢坂良太") -> 逢坂良太 | B32: =IFERROR(__xludf.DUMMYFUNCTION("""COMPUTED_VALUE"""),"• 『ダイヤのA』：沢村栄純 • 『はたらく魔王さま！』：真奥貞夫（魔王サタン） • 『ハイキュー!!』：赤葦京治 • 『あんさんぶるスターズ！！』：七種茨 • 『赤髪の白雪姫』：ゼン • 『進撃の巨人』：マルコ・ボット • 『鬼滅の刃』：妓夫太郎") -> • 『ダイヤのA』：沢村栄純 • 『はたらく魔王さま！』：真奥貞夫（魔王サタン） • 『ハイキュー!!』：赤葦京治 • 『あんさんぶるスターズ！！』：七種茨 • 『赤髪の白雪姫』：ゼン • 『進撃の巨人』：マルコ・ボット • 『鬼滅の刃』：妓夫太郎
A33: =IFERROR(__xludf.DUMMYFUNCTION("""COMPUTED_VALUE"""),"小笠原仁") -> 小笠原仁 | B33: =IFERROR(__xludf.DUMMYFUNCTION("""COMPUTED_VALUE"""),"• 『from ARGONAVIS』：旭那由多 • 『カードファイト!! ヴァンガード will+Dress』：狐芝ライカ • 『WAVE!!～サーフィンやっぺ!!～』：秋月ショウ • 『カワイスギクライシス』：向井誠二 • 『18TRIP』：西園練牙 • 『SSSS.DYNAZENON』：淡木") -> • 『from ARGONAVIS』：旭那由多 • 『カードファイト!! ヴァンガード will+Dress』：狐芝ライカ • 『WAVE!!～サーフィンやっぺ!!～』：秋月ショウ • 『カワイスギクライシス』：向井誠二 • 『18TRIP』：西園練牙 • 『SSSS.DYNAZENON』：淡木
A34: =IFERROR(__xludf.DUMMYFUNCTION("""COMPUTED_VALUE"""),"大須賀純") -> 大須賀純 | B34: =IFERROR(__xludf.DUMMYFUNCTION("""COMPUTED_VALUE"""),"• 『あんさんぶるスターズ！』：影片みか • 『刀剣乱舞』：博多藤四郎 • 『新テニスの王子様』：千歳千里 • 『サンリオ男子』：吉野俊介 • 『おおきく振りかぶって』：叶修悟 • 『PJベリーのもぐもぐむにゃむにゃ』：PJベリー") -> • 『あんさんぶるスターズ！』：影片みか • 『刀剣乱舞』：博多藤四郎 • 『新テニスの王子様』：千歳千里 • 『サンリオ男子』：吉野俊介 • 『おおきく振りかぶって』：叶修悟 • 『PJベリーのもぐもぐむにゃむにゃ』：PJベリー
A35: =IFERROR(__xludf.DUMMYFUNCTION("""COMPUTED_VALUE"""),"大谷祐貴") -> 大谷祐貴 | B35: =IFERROR(__xludf.DUMMYFUNCTION("""COMPUTED_VALUE"""),"• 『巨神と氷華の城』：志郎 • 『刀剣乱舞』：太閤左文字 • 『デリシャスパーティ♡プリキュア』：青山のりお") -> • 『巨神と氷華の城』：志郎 • 『刀剣乱舞』：太閤左文字 • 『デリシャスパーティ♡プリキュア』：青山のりお
A36: =IFERROR(__xludf.DUMMYFUNCTION("""COMPUTED_VALUE"""),"大塚剛央") -> 大塚剛央 | B36: =IFERROR(__xludf.DUMMYFUNCTION("""COMPUTED_VALUE"""),"• 『【推しの子】』：アクア • 『薬屋のひとりごと』：壬氏 • 『風が強く吹いている』：蔵原走 • 『アイドルマスター SideM』：眉見鋭心 • 『百千さん家のあやかし王子』：七守葵／鵺 • 『トリリオンゲーム』：天王寺陽") -> • 『【推しの子】』：アクア • 『薬屋のひとりごと』：壬氏 • 『風が強く吹いている』：蔵原走 • 『アイドルマスター SideM』：眉見鋭心 • 『百千さん家のあやかし王子』：七守葵／鵺 • 『トリリオンゲーム』：天王寺陽
A37: =IFERROR(__xludf.DUMMYFUNCTION("""COMPUTED_VALUE"""),"岡本信彦") -> 岡本信彦 | B37: =IFERROR(__xludf.DUMMYFUNCTION("""COMPUTED_VALUE"""),"• 『僕のヒーローアカデミア』：爆豪勝己 • 『青の祓魔師』：奥村燐 • 『とある魔術の禁書目録』：一方通行（アクセラレータ） • 『ハイキュー!!』：西谷夕 • 『暗殺教室』：赤羽業 • 『葬送のフリーレン』：ヒンメル • 『鬼滅の刃』：不死川玄弥") -> • 『僕のヒーローアカデミア』：爆豪勝己 • 『青の祓魔師』：奥村燐 • 『とある魔術の禁書目録』：一方通行（アクセラレータ） • 『ハイキュー!!』：西谷夕 • 『暗殺教室』：赤羽業 • 『葬送のフリーレン』：ヒンメル • 『鬼滅の刃』：不死川玄弥
A38: =IFERROR(__xludf.DUMMYFUNCTION("""COMPUTED_VALUE"""),"置鮎龍太郎") -> 置鮎龍太郎 | B38: =IFERROR(__xludf.DUMMYFUNCTION("""COMPUTED_VALUE"""),"• 『テニスの王子様』：手塚国光 • 『BLEACH』：朽木白哉 • 『SLAM DUNK』：三井寿 • 『地獄先生ぬ～べ～』：鵺野鳴介 • 『鋼の錬金術師』：スカー • 『トリコ』：トリコ • 『名探偵コナン』：沖矢昴") -> • 『テニスの王子様』：手塚国光 • 『BLEACH』：朽木白哉 • 『SLAM DUNK』：三井寿 • 『地獄先生ぬ～べ～』：鵺野鳴介 • 『鋼の錬金術師』：スカー • 『トリコ』：トリコ • 『名探偵コナン』：沖矢昴
A39: =IFERROR(__xludf.DUMMYFUNCTION("""COMPUTED_VALUE"""),"興津和幸") -> 興津和幸 | B39: =IFERROR(__xludf.DUMMYFUNCTION("""COMPUTED_VALUE"""),"• 『ジョジョの奇妙な冒険』：ジョナサン・ジョースター • 『アイドリッシュセブン』：大神万理 • 『BROTHERS CONFLICT』：朝日奈雅臣 • 『刀剣乱舞』：蜂須賀虎徹 • 『蒼き鋼のアルペジオ -アルス・ノヴァ-』：千早群像") -> • 『ジョジョの奇妙な冒険』：ジョナサン・ジョースター • 『アイドリッシュセブン』：大神万理 • 『BROTHERS CONFLICT』：朝日奈雅臣 • 『刀剣乱舞』：蜂須賀虎徹 • 『蒼き鋼のアルペジオ -アルス・ノヴァ-』：千早群像
A40: =IFERROR(__xludf.DUMMYFUNCTION("""COMPUTED_VALUE"""),"小野賢章") -> 小野賢章 | B40: =IFERROR(__xludf.DUMMYFUNCTION("""COMPUTED_VALUE"""),"• 『黒子のバスケ』：黒子テツヤ • 『アイドリッシュセブン』：七瀬陸 • 『文豪ストレイドッグス』：芥川龍之介 • 『ジョジョの奇妙な冒険 黄金の風』：ジョルノ・ジョバァーナ • 『ハリー・ポッター』シリーズ：ハリー・ポッター • 『SPY×FAMILY』：ユーリ・ブライア • 『ツルネ ―風舞高校弓道部―』：藤原愁") -> • 『黒子のバスケ』：黒子テツヤ • 『アイドリッシュセブン』：七瀬陸 • 『文豪ストレイドッグス』：芥川龍之介 • 『ジョジョの奇妙な冒険 黄金の風』：ジョルノ・ジョバァーナ • 『ハリー・ポッター』シリーズ：ハリー・ポッター • 『SPY×FAMILY』：ユーリ・ブライア • 『ツルネ ―風舞高校弓道部―』：藤原愁
A41: =IFERROR(__xludf.DUMMYFUNCTION("""COMPUTED_VALUE"""),"小野友樹") -> 小野友樹 | B41: =IFERROR(__xludf.DUMMYFUNCTION("""COMPUTED_VALUE"""),"• 『黒子のバスケ』：火神大我 • 『ジョジョの奇妙な冒険 ダイヤモンドは砕けない』：東方仗助 • 『あんさんぶるスターズ！』：大神晃牙 • 『抱かれたい男1位に脅されています。』：東谷准太 • 『ブルーロック』：國神錬介") -> • 『黒子のバスケ』：火神大我 • 『ジョジョの奇妙な冒険 ダイヤモンドは砕けない』：東方仗助 • 『あんさんぶるスターズ！』：大神晃牙 • 『抱かれたい男1位に脅されています。』：東谷准太 • 『ブルーロック』：國神錬介
A42: =IFERROR(__xludf.DUMMYFUNCTION("""COMPUTED_VALUE"""),"海渡翼") -> 海渡翼 | B42: =IFERROR(__xludf.DUMMYFUNCTION("""COMPUTED_VALUE"""),"• 『ブルーロック』：蜂楽廻 • 『あんさんぶるスターズ！！』：桜河こはく • 『戦国 A LIVE』：佑太郎 • 『星芥ショータイム』：四条憶人") -> • 『ブルーロック』：蜂楽廻 • 『あんさんぶるスターズ！！』：桜河こはく • 『戦国 A LIVE』：佑太郎 • 『星芥ショータイム』：四条憶人
A43: =IFERROR(__xludf.DUMMYFUNCTION("""COMPUTED_VALUE"""),"柿原徹也") -> 柿原徹也 | B43: =IFERROR(__xludf.DUMMYFUNCTION("""COMPUTED_VALUE"""),"• 『FAIRY TAIL』：ナツ・ドラグニル • 『天元突破グレンラガン』：シモン • 『弱虫ペダル』：東堂尽八 • 『青の祓魔師』：アマイモン • 『B-PROJECT』：音済百太郎 • 『ツキウタ。』：葉月陽") -> • 『FAIRY TAIL』：ナツ・ドラグニル • 『天元突破グレンラガン』：シモン • 『弱虫ペダル』：東堂尽八 • 『青の祓魔師』：アマイモン • 『B-PROJECT』：音済百太郎 • 『ツキウタ。』：葉月陽
A44: =IFERROR(__xludf.DUMMYFUNCTION("""COMPUTED_VALUE"""),"笠間淳") -> 笠間淳 | B44: =IFERROR(__xludf.DUMMYFUNCTION("""COMPUTED_VALUE"""),"• 『アイドルマスター SideM』：葛之葉雨彦 • 『あんさんぶるスターズ！！』：HiMERU • 『THE FIRST SLAM DUNK』：三井寿 • 『REVENGER』：繰馬雷蔵 • 『ハイキュー!!』：尾白アラン • 『幼女戦記』：ヴィリバルト・ケーニッヒ") -> • 『アイドルマスター SideM』：葛之葉雨彦 • 『あんさんぶるスターズ！！』：HiMERU • 『THE FIRST SLAM DUNK』：三井寿 • 『REVENGER』：繰馬雷蔵 • 『ハイキュー!!』：尾白アラン • 『幼女戦記』：ヴィリバルト・ケーニッヒ
A45: =IFERROR(__xludf.DUMMYFUNCTION("""COMPUTED_VALUE"""),"梶裕貴") -> 梶裕貴 | B45: =IFERROR(__xludf.DUMMYFUNCTION("""COMPUTED_VALUE"""),"• 『進撃の巨人』：エレン・イェーガー • 『僕のヒーローアカデミア』：轟焦凍 • 『七つの大罪』：メリオダス • 『マギ』：アリババ・サルージャ • 『ハイキュー!!』：孤爪研磨 • 『黒執事』：フィニアン") -> • 『進撃の巨人』：エレン・イェーガー • 『僕のヒーローアカデミア』：轟焦凍 • 『七つの大罪』：メリオダス • 『マギ』：アリババ・サルージャ • 『ハイキュー!!』：孤爪研磨 • 『黒執事』：フィニアン
A46: =IFERROR(__xludf.DUMMYFUNCTION("""COMPUTED_VALUE"""),"梶田大嗣") -> 梶田大嗣 | B46: =IFERROR(__xludf.DUMMYFUNCTION("""COMPUTED_VALUE"""),"• 『戦隊大失格』：桜間日々輝 • 『ビックリメン』：ヤマト • 『NOBLESSE -ノブレス-』：ラエル・ケルティア • 『ブルーロック』：成早朝日 • 『SDガンダムワールド ヒーローズ』：馬超ガンダムバルバトス • 『ひみつのアイプリ』：霧島律") -> • 『戦隊大失格』：桜間日々輝 • 『ビックリメン』：ヤマト • 『NOBLESSE -ノブレス-』：ラエル・ケルティア • 『ブルーロック』：成早朝日 • 『SDガンダムワールド ヒーローズ』：馬超ガンダムバルバトス • 『ひみつのアイプリ』：霧島律
A47: =IFERROR(__xludf.DUMMYFUNCTION("""COMPUTED_VALUE"""),"梶原岳人") -> 梶原岳人 | B47: =IFERROR(__xludf.DUMMYFUNCTION("""COMPUTED_VALUE"""),"• 『ブラッククローバー』：アスタ • 『炎炎ノ消防隊』：森羅日下部 • 『あんさんぶるスターズ！！』：天城一彩 • 『Paradox Live』：朱雀野アレン • 『お前はまだグンマを知らない』：神月紀") -> • 『ブラッククローバー』：アスタ • 『炎炎ノ消防隊』：森羅日下部 • 『あんさんぶるスターズ！！』：天城一彩 • 『Paradox Live』：朱雀野アレン • 『お前はまだグンマを知らない』：神月紀
A48: =IFERROR(__xludf.DUMMYFUNCTION("""COMPUTED_VALUE"""),"粕谷雄太") -> 粕谷雄太 | B48: =IFERROR(__xludf.DUMMYFUNCTION("""COMPUTED_VALUE"""),"• 『僕のヒーローアカデミア』：真堂揺 • 『刀剣乱舞』：五虎退 • 『聖闘士星矢セインティア翔』：アンドロメダ星座の瞬 • 『ワールドトリガー』：時枝充 • 『デジモンゴーストゲーム』：ゴツモン") -> • 『僕のヒーローアカデミア』：真堂揺 • 『刀剣乱舞』：五虎退 • 『聖闘士星矢セインティア翔』：アンドロメダ星座の瞬 • 『ワールドトリガー』：時枝充 • 『デジモンゴーストゲーム』：ゴツモン
A49: =IFERROR(__xludf.DUMMYFUNCTION("""COMPUTED_VALUE"""),"神原大地") -> 神原大地 | B49: =IFERROR(__xludf.DUMMYFUNCTION("""COMPUTED_VALUE"""),"• 『アイドルマスター SideM』：伊集院北斗 • 『カードファイト!! ヴァンガード』：蒼龍レオン • 『number24』：東坂虎之進 • 『佐々木と宮野』：半澤雅臣 • 『爆丸』シリーズ： ハウルカー") -> • 『アイドルマスター SideM』：伊集院北斗 • 『カードファイト!! ヴァンガード』：蒼龍レオン • 『number24』：東坂虎之進 • 『佐々木と宮野』：半澤雅臣 • 『爆丸』シリーズ： ハウルカー
A50: =IFERROR(__xludf.DUMMYFUNCTION("""COMPUTED_VALUE"""),"狩野翔") -> 狩野翔 | B50: =IFERROR(__xludf.DUMMYFUNCTION("""COMPUTED_VALUE"""),"• 『東京リベンジャーズ』：松野千冬 • 『アイドルマスター SideM』：神谷幸広 • 『本好きの下剋上』：フラン • 『君は放課後インソムニア』：灰田塁 • 『刀剣乱舞』：五月雨江") -> • 『東京リベンジャーズ』：松野千冬 • 『アイドルマスター SideM』：神谷幸広 • 『本好きの下剋上』：フラン • 『君は放課後インソムニア』：灰田塁 • 『刀剣乱舞』：五月雨江
A51: =IFERROR(__xludf.DUMMYFUNCTION("""COMPUTED_VALUE"""),"川島零士") -> 川島零士 | B51: =IFERROR(__xludf.DUMMYFUNCTION("""COMPUTED_VALUE"""),"• 『不滅のあなたへ』：フシ • 『マッシュル-MASHLE-』：フィン・エイムズ • 『夜桜さんちの大作戦』：朝野太陽 • 『シャドーハウス』：パトリック／リッキー • 『カードファイト!! ヴァンガード Divinez』：呼続スオウ") -> • 『不滅のあなたへ』：フシ • 『マッシュル-MASHLE-』：フィン・エイムズ • 『夜桜さんちの大作戦』：朝野太陽 • 『シャドーハウス』：パトリック／リッキー • 『カードファイト!! ヴァンガード Divinez』：呼続スオウ
A52: =IFERROR(__xludf.DUMMYFUNCTION("""COMPUTED_VALUE"""),"河西健吾") -> 河西健吾 | B52: =IFERROR(__xludf.DUMMYFUNCTION("""COMPUTED_VALUE"""),"• 『機動戦士ガンダム 鉄血のオルフェンズ』：三日月・オーガス • 『鬼滅の刃』：時透無一郎 • 『Dr.STONE』：あさぎりゲン • 『ヒプノシスマイク』：躑躅森盧笙 • 『怪獣8号』：保科宗四郎 • 『3月のライオン』：桐山零") -> • 『機動戦士ガンダム 鉄血のオルフェンズ』：三日月・オーガス • 『鬼滅の刃』：時透無一郎 • 『Dr.STONE』：あさぎりゲン • 『ヒプノシスマイク』：躑躅森盧笙 • 『怪獣8号』：保科宗四郎 • 『3月のライオン』：桐山零
A53: =IFERROR(__xludf.DUMMYFUNCTION("""COMPUTED_VALUE"""),"川原慶久") -> 川原慶久 | B53: =IFERROR(__xludf.DUMMYFUNCTION("""COMPUTED_VALUE"""),"• 『テニスの王子様』：橘桔平 • 『とある魔術の禁書目録』：青髪ピアス • 『バキ』：愚地克巳 • 『日常』：笹原幸治郎 • 『アイドリッシュセブン』：姉鷺カオル • 『ガールズ&パンツァー』：秋山淳五郎") -> • 『テニスの王子様』：橘桔平 • 『とある魔術の禁書目録』：青髪ピアス • 『バキ』：愚地克巳 • 『日常』：笹原幸治郎 • 『アイドリッシュセブン』：姉鷺カオル • 『ガールズ&パンツァー』：秋山淳五郎
A54: =IFERROR(__xludf.DUMMYFUNCTION("""COMPUTED_VALUE"""),"神尾晋一郎") -> 神尾晋一郎 | B54: =IFERROR(__xludf.DUMMYFUNCTION("""COMPUTED_VALUE"""),"• 『ヒプノシスマイク』：毒島メイソン理鶯 • 『あんさんぶるスターズ！』：鬼龍紅郎 • 『THE FIRST SLAM DUNK』：流川楓 • 『悪魔執事と黒い猫』：ボスキ・アリーナス • 『世界はほしいモノにあふれてる』：ナレーション") -> • 『ヒプノシスマイク』：毒島メイソン理鶯 • 『あんさんぶるスターズ！』：鬼龍紅郎 • 『THE FIRST SLAM DUNK』：流川楓 • 『悪魔執事と黒い猫』：ボスキ・アリーナス • 『世界はほしいモノにあふれてる』：ナレーション
A55: =IFERROR(__xludf.DUMMYFUNCTION("""COMPUTED_VALUE"""),"木島隆一") -> 木島隆一 | B55: =IFERROR(__xludf.DUMMYFUNCTION("""COMPUTED_VALUE"""),"• 『ヒプノシスマイク』：伊弉冉一二三 • 『BORUTO-ボルト- NARUTO NEXT GENERATIONS』：ミツキ • 『転生したらスライムだった件』：ギド • 『ありふれた職業で世界最強』：坂上龍太郎 • 『映画大好きポンポさん』：アラン • 『ゴッドイーター』：空木レンカ") -> • 『ヒプノシスマイク』：伊弉冉一二三 • 『BORUTO-ボルト- NARUTO NEXT GENERATIONS』：ミツキ • 『転生したらスライムだった件』：ギド • 『ありふれた職業で世界最強』：坂上龍太郎 • 『映画大好きポンポさん』：アラン • 『ゴッドイーター』：空木レンカ
A56: =IFERROR(__xludf.DUMMYFUNCTION("""COMPUTED_VALUE"""),"木村昴") -> 木村昴 | B56: =IFERROR(__xludf.DUMMYFUNCTION("""COMPUTED_VALUE"""),"• 『ドラえもん』：剛田武（ジャイアン） • 『ヒプノシスマイク』：山田一郎 • 『呪術廻戦』：東堂葵 • 『ジョジョの奇妙な冒険 黄金の風』：ペッシ • 『ハイキュー!!』：天童覚") -> • 『ドラえもん』：剛田武（ジャイアン） • 『ヒプノシスマイク』：山田一郎 • 『呪術廻戦』：東堂葵 • 『ジョジョの奇妙な冒険 黄金の風』：ペッシ • 『ハイキュー!!』：天童覚
A57: =IFERROR(__xludf.DUMMYFUNCTION("""COMPUTED_VALUE"""),"木村太飛") -> 木村太飛 | B57: =IFERROR(__xludf.DUMMYFUNCTION("""COMPUTED_VALUE"""),"• 『陰陽廻天 Re:バース』：業平猛 • 『HUNDRED LINE -最終防衛学園-』：澄野拓海 • 『朱色の仮面』：ペル・ダレスト • 『最強の王様、二度目の人生は何をする？』：アダム・クレンシュ • 『カグラバチ』：六平千鉱") -> • 『陰陽廻天 Re:バース』：業平猛 • 『HUNDRED LINE -最終防衛学園-』：澄野拓海 • 『朱色の仮面』：ペル・ダレスト • 『最強の王様、二度目の人生は何をする？』：アダム・クレンシュ • 『カグラバチ』：六平千鉱
A58: =IFERROR(__xludf.DUMMYFUNCTION("""COMPUTED_VALUE"""),"木村良平") -> 木村良平 | B58: =IFERROR(__xludf.DUMMYFUNCTION("""COMPUTED_VALUE"""),"• 『黒子のバスケ』：黄瀬涼太 • 『ハイキュー!!』：木兎光太郎 • 『魔道祖師』：魏無羨 • 『原神』：タルタリヤ • 『DIABOLIK LOVERS』：無神コウ • 『ツキウタ。』：霜月隼 • 『東のエデン』：滝沢朗") -> • 『黒子のバスケ』：黄瀬涼太 • 『ハイキュー!!』：木兎光太郎 • 『魔道祖師』：魏無羨 • 『原神』：タルタリヤ • 『DIABOLIK LOVERS』：無神コウ • 『ツキウタ。』：霜月隼 • 『東のエデン』：滝沢朗
A59: =IFERROR(__xludf.DUMMYFUNCTION("""COMPUTED_VALUE"""),"楠大典") -> 楠大典 | B59: =IFERROR(__xludf.DUMMYFUNCTION("""COMPUTED_VALUE"""),"• 『テニスの王子様』：真田弦一郎 • 『TIGER & BUNNY』：アントニオ・ロペス（ロックバイソン） • 『ONE PIECE』：ウルージ • 『炎炎ノ消防隊』：レオナルド・バーンズ • 『トランスフォーマー ギャラクシーフォース』：ギャラクシーコンボイ") -> • 『テニスの王子様』：真田弦一郎 • 『TIGER & BUNNY』：アントニオ・ロペス（ロックバイソン） • 『ONE PIECE』：ウルージ • 『炎炎ノ消防隊』：レオナルド・バーンズ • 『トランスフォーマー ギャラクシーフォース』：ギャラクシーコンボイ
A60: =IFERROR(__xludf.DUMMYFUNCTION("""COMPUTED_VALUE"""),"熊谷俊輝") -> 熊谷俊輝 | B60: =IFERROR(__xludf.DUMMYFUNCTION("""COMPUTED_VALUE"""),"• 『遊☆戯☆王ゴーラッシュ!!』：王道遊飛 • 『君は冥土様。』：横谷人好 • 『ライオン・キング』：シンバ（子供時代） • 『18TRIP』：輝矢宗氏 • 『異世界黙示録マイノグーラ』：伊良拓斗") -> • 『遊☆戯☆王ゴーラッシュ!!』：王道遊飛 • 『君は冥土様。』：横谷人好 • 『ライオン・キング』：シンバ（子供時代） • 『18TRIP』：輝矢宗氏 • 『異世界黙示録マイノグーラ』：伊良拓斗
A61: =IFERROR(__xludf.DUMMYFUNCTION("""COMPUTED_VALUE"""),"熊谷健太郎") -> 熊谷健太郎 | B61: =IFERROR(__xludf.DUMMYFUNCTION("""COMPUTED_VALUE"""),"• 『ダンジョン飯』：ライオス • 『アイドルマスター SideM』：握野英雄 • 『A3!』：伏見臣 • 『機動戦士ガンダム 鉄血のオルフェンズ』：アストン・アルトランド • 『ゴッド・オブ・ハイスクール』：ハン・デウィ • 『グランクレスト戦記』：テオ・コルネーロ") -> • 『ダンジョン飯』：ライオス • 『アイドルマスター SideM』：握野英雄 • 『A3!』：伏見臣 • 『機動戦士ガンダム 鉄血のオルフェンズ』：アストン・アルトランド • 『ゴッド・オブ・ハイスクール』：ハン・デウィ • 『グランクレスト戦記』：テオ・コルネーロ
A62: =IFERROR(__xludf.DUMMYFUNCTION("""COMPUTED_VALUE"""),"草野太一") -> 草野太一 | B62: =IFERROR(__xludf.DUMMYFUNCTION("""COMPUTED_VALUE"""),"• 『Fairy蘭丸～あなたの心お助けします～』：陸岡樹果 • 『あんさんぶるスターズ！！』：花群冬芽 • 『ワールドトリガー』：別役太一 • 『ジャックジャンヌ』：忍成稀 • 『美男高校地球防衛部ハイカラ！』：阿蘇空太 • 『JOCHUM』：マイクン") -> • 『Fairy蘭丸～あなたの心お助けします～』：陸岡樹果 • 『あんさんぶるスターズ！！』：花群冬芽 • 『ワールドトリガー』：別役太一 • 『ジャックジャンヌ』：忍成稀 • 『美男高校地球防衛部ハイカラ！』：阿蘇空太 • 『JOCHUM』：マイクン
A63: =IFERROR(__xludf.DUMMYFUNCTION("""COMPUTED_VALUE"""),"小林大紀") -> 小林大紀 | B63: =IFERROR(__xludf.DUMMYFUNCTION("""COMPUTED_VALUE"""),"• 『地縛少年花子くん』：ミツバ（三葉惣助） • 『ナンバカ』：ニコ • 『転生したらスライムだった件』：ヘルメス • 『魔法使いの嫁』：ゾーイ・アイビー • 『あんさんぶるスターズ！！』：天満光 • 『きのこいぬ』：きのこいぬ") -> • 『地縛少年花子くん』：ミツバ（三葉惣助） • 『ナンバカ』：ニコ • 『転生したらスライムだった件』：ヘルメス • 『魔法使いの嫁』：ゾーイ・アイビー • 『あんさんぶるスターズ！！』：天満光 • 『きのこいぬ』：きのこいぬ
A64: =IFERROR(__xludf.DUMMYFUNCTION("""COMPUTED_VALUE"""),"小林千晃") -> 小林千晃 | B64: =IFERROR(__xludf.DUMMYFUNCTION("""COMPUTED_VALUE"""),"• 『マッシュル-MASHLE-』：マッシュ・バーンデッド • 『SK∞ エスケーエイト』：馳河ランガ • 『地獄楽』：画眉丸 • 『葬送のフリーレン』：シュタルク • 『憂国のモリアーティ』：ルイス・ジェームズ・モリアーティ • 『クールドジ男子』：一倉颯 • 『30歳まで童貞だと魔法使いになれるらしい』：安達清") -> • 『マッシュル-MASHLE-』：マッシュ・バーンデッド • 『SK∞ エスケーエイト』：馳河ランガ • 『地獄楽』：画眉丸 • 『葬送のフリーレン』：シュタルク • 『憂国のモリアーティ』：ルイス・ジェームズ・モリアーティ • 『クールドジ男子』：一倉颯 • 『30歳まで童貞だと魔法使いになれるらしい』：安達清
A65: =IFERROR(__xludf.DUMMYFUNCTION("""COMPUTED_VALUE"""),"小林親弘") -> 小林親弘 | B65: • 『ゴールデンカムイ』：杉元佐一 • 『転生したらスライムだった件』：ランガ • 『BEASTARS』：レゴシ • 『魔王城でおやすみ』：レッドシベリアン・改 • 『姫様“拷問”の時間です』：エクス • 『イエスタデイをうたって』：魚住陸生
A66: =IFERROR(__xludf.DUMMYFUNCTION("""COMPUTED_VALUE"""),"小林竜之") -> 小林竜之 | B66: =IFERROR(__xludf.DUMMYFUNCTION("""COMPUTED_VALUE"""),"• 『アイドルタイムプリパラ』：三鷹アサヒ • 『ディズニー ツイステッドワンダーランド』：ケイト・ダイヤモンド • 『KING OF PRISM』：池袋エィス • 『神クズ☆アイドル』：内濱アキラ • 『でーじミーツガール』：すずきいちろう • 『ひみつのアイプリ』：七浦すばる") -> • 『アイドルタイムプリパラ』：三鷹アサヒ • 『ディズニー ツイステッドワンダーランド』：ケイト・ダイヤモンド • 『KING OF PRISM』：池袋エィス • 『神クズ☆アイドル』：内濱アキラ • 『でーじミーツガール』：すずきいちろう • 『ひみつのアイプリ』：七浦すばる
A67: =IFERROR(__xludf.DUMMYFUNCTION("""COMPUTED_VALUE"""),"小林裕介") -> 小林裕介 | B67: =IFERROR(__xludf.DUMMYFUNCTION("""COMPUTED_VALUE"""),"• 『Re:ゼロから始める異世界生活』：ナツキ・スバル • 『Dr.STONE』：石神千空 • 『炎炎ノ消防隊』：アーサー・ボイル • 『アルスラーン戦記』：アルスラーン • 『ファイアーエムブレム 風花雪月』：ベレト • 『Paradox Live』：矢戸乃上珂波汰") -> • 『Re:ゼロから始める異世界生活』：ナツキ・スバル • 『Dr.STONE』：石神千空 • 『炎炎ノ消防隊』：アーサー・ボイル • 『アルスラーン戦記』：アルスラーン • 『ファイアーエムブレム 風花雪月』：ベレト • 『Paradox Live』：矢戸乃上珂波汰
A68: =IFERROR(__xludf.DUMMYFUNCTION("""COMPUTED_VALUE"""),"小松昌平") -> 小松昌平 | B68: =IFERROR(__xludf.DUMMYFUNCTION("""COMPUTED_VALUE"""),"• 『アイドルマスター SideM』：牙崎漣 • 『賢者の孫』：アウグスト＝フォン＝アールスハイド • 『number24』：都留靖也 • 『葬送のフリーレン』：ラント • 『SHOW BY ROCK!!』：ハッチン • 『刀剣乱舞』：肥前忠広") -> • 『アイドルマスター SideM』：牙崎漣 • 『賢者の孫』：アウグスト＝フォン＝アールスハイド • 『number24』：都留靖也 • 『葬送のフリーレン』：ラント • 『SHOW BY ROCK!!』：ハッチン • 『刀剣乱舞』：肥前忠広
A69: =IFERROR(__xludf.DUMMYFUNCTION("""COMPUTED_VALUE"""),"駒田航") -> 駒田航 | B69: =IFERROR(__xludf.DUMMYFUNCTION("""COMPUTED_VALUE"""),"• 『ヒプノシスマイク』：入間銃兎 • 『アイドルマスター SideM』：古論クリス • 『あんさんぶるスターズ！』：椚章臣 • 『ディズニー ツイステッドワンダーランド』：ジェイド・リーチ • 『華Doll＊』：チセ") -> • 『ヒプノシスマイク』：入間銃兎 • 『アイドルマスター SideM』：古論クリス • 『あんさんぶるスターズ！』：椚章臣 • 『ディズニー ツイステッドワンダーランド』：ジェイド・リーチ • 『華Doll＊』：チセ
A70: =IFERROR(__xludf.DUMMYFUNCTION("""COMPUTED_VALUE"""),"小西克幸") -> 小西克幸 | B70: =IFERROR(__xludf.DUMMYFUNCTION("""COMPUTED_VALUE"""),"• 『鬼滅の刃』：宇髄天元 • 『ヘタリア』：アメリカ • 『テイルズ オブ シンフォニア』：ロイド・アーヴィング • 『べるぜバブ』：男鹿辰巳 • 『ゴールデンカムイ』：鯉登音之進 • 『薬屋のひとりごと』：高順 • 『天元突破グレンラガン』：カミナ") -> • 『鬼滅の刃』：宇髄天元 • 『ヘタリア』：アメリカ • 『テイルズ オブ シンフォニア』：ロイド・アーヴィング • 『べるぜバブ』：男鹿辰巳 • 『ゴールデンカムイ』：鯉登音之進 • 『薬屋のひとりごと』：高順 • 『天元突破グレンラガン』：カミナ
A71: =IFERROR(__xludf.DUMMYFUNCTION("""COMPUTED_VALUE"""),"子安武人") -> 子安武人 | B71: =IFERROR(__xludf.DUMMYFUNCTION("""COMPUTED_VALUE"""),"• 『ジョジョの奇妙な冒険』：ディオ・ブランドー／DIO • 『銀魂』：高杉晋助 • 『進撃の巨人』：ジーク・イェーガー • 『新機動戦記ガンダムW』：ゼクス・マーキス • 『機動戦士ガンダムSEED』：ムウ・ラ・フラガ • 『ONE PIECE』：クザン（青キジ） • 『Re:ゼロから始める異世界生活』：ロズワール・L・メイザース") -> • 『ジョジョの奇妙な冒険』：ディオ・ブランドー／DIO • 『銀魂』：高杉晋助 • 『進撃の巨人』：ジーク・イェーガー • 『新機動戦記ガンダムW』：ゼクス・マーキス • 『機動戦士ガンダムSEED』：ムウ・ラ・フラガ • 『ONE PIECE』：クザン（青キジ） • 『Re:ゼロから始める異世界生活』：ロズワール・L・メイザース
A72: =IFERROR(__xludf.DUMMYFUNCTION("""COMPUTED_VALUE"""),"近藤隆") -> 近藤隆 | B72: =IFERROR(__xludf.DUMMYFUNCTION("""COMPUTED_VALUE"""),"• 『家庭教師ヒットマンREBORN!』：雲雀恭弥 • 『アイドリッシュセブン』：御堂虎於 • 『世界一初恋』：小野寺律 • 『DIABOLIK LOVERS』：逆巻スバル • 『ツキウタ。』：長月夜 • 『BLACK CAT』：トレイン＝ハートネット") -> • 『家庭教師ヒットマンREBORN!』：雲雀恭弥 • 『アイドリッシュセブン』：御堂虎於 • 『世界一初恋』：小野寺律 • 『DIABOLIK LOVERS』：逆巻スバル • 『ツキウタ。』：長月夜 • 『BLACK CAT』：トレイン＝ハートネット
A73: =IFERROR(__xludf.DUMMYFUNCTION("""COMPUTED_VALUE"""),"河本啓佑") -> 河本啓佑 | B73: =IFERROR(__xludf.DUMMYFUNCTION("""COMPUTED_VALUE"""),"• 『美男高校地球防衛部LOVE! LOVE!』：別府月彦 • 『サイボーグ009 CALL OF JUSTICE』：009／島村ジョー • 『私がモテてどうすんだ』：七島希 • 『BORUTO-ボルト-』：枸橘かぐら • 『RobiHachi』：ハッチ・キタ • 『怪獣8号』：出雲ハルイチ") -> • 『美男高校地球防衛部LOVE! LOVE!』：別府月彦 • 『サイボーグ009 CALL OF JUSTICE』：009／島村ジョー • 『私がモテてどうすんだ』：七島希 • 『BORUTO-ボルト-』：枸橘かぐら • 『RobiHachi』：ハッチ・キタ • 『怪獣8号』：出雲ハルイチ
A74: =IFERROR(__xludf.DUMMYFUNCTION("""COMPUTED_VALUE"""),"斉藤壮馬") -> 斉藤壮馬 | B74: =IFERROR(__xludf.DUMMYFUNCTION("""COMPUTED_VALUE"""),"• 『ヒプノシスマイク』：夢野幻太郎 • 『アイドリッシュセブン』：九条天 • 『るろうに剣心 -明治剣客浪漫譚-』：緋村剣心 • 『ブルーロック』：千切豹馬 • 『ハイキュー!!』：山口忠 • 『刀剣乱舞』：鶴丸国永 • 『あんさんぶるスターズ！』：葵ひなた／葵ゆうた") -> • 『ヒプノシスマイク』：夢野幻太郎 • 『アイドリッシュセブン』：九条天 • 『るろうに剣心 -明治剣客浪漫譚-』：緋村剣心 • 『ブルーロック』：千切豹馬 • 『ハイキュー!!』：山口忠 • 『刀剣乱舞』：鶴丸国永 • 『あんさんぶるスターズ！』：葵ひなた／葵ゆうた
A75: =IFERROR(__xludf.DUMMYFUNCTION("""COMPUTED_VALUE"""),"酒井広大") -> 酒井広大 | B75: =IFERROR(__xludf.DUMMYFUNCTION("""COMPUTED_VALUE"""),"• 『A3!』：佐久間咲也 • 『シャドーハウス』：ジョン／ショーン • 『時々ボソッとロシア語でデレる隣のアーリャさん』：丸山毅 • 『誰ソ彼ホテル』：阿鳥遥斗 • 『オッドタクシー』：今井 • 『迷家-マヨイガ-』：光宗") -> • 『A3!』：佐久間咲也 • 『シャドーハウス』：ジョン／ショーン • 『時々ボソッとロシア語でデレる隣のアーリャさん』：丸山毅 • 『誰ソ彼ホテル』：阿鳥遥斗 • 『オッドタクシー』：今井 • 『迷家-マヨイガ-』：光宗
A76: =IFERROR(__xludf.DUMMYFUNCTION("""COMPUTED_VALUE"""),"坂泰斗") -> 坂泰斗 | B76: =IFERROR(__xludf.DUMMYFUNCTION("""COMPUTED_VALUE"""),"• 『お隣の天使様にいつの間にか駄目人間にされていた件』：藤宮周 • 『ディズニー ツイステッドワンダーランド』：ジャック・ハウル • 『ギヴン』：八木玄純 • 『俺だけレベルアップな件』：水篠旬 • 『転生貴族、鑑定スキルで成り上がる』：リーツ・ミューセス • 『悪魔執事と黒い猫』：ハウレス・クリフォード") -> • 『お隣の天使様にいつの間にか駄目人間にされていた件』：藤宮周 • 『ディズニー ツイステッドワンダーランド』：ジャック・ハウル • 『ギヴン』：八木玄純 • 『俺だけレベルアップな件』：水篠旬 • 『転生貴族、鑑定スキルで成り上がる』：リーツ・ミューセス • 『悪魔執事と黒い猫』：ハウレス・クリフォード
A77: =IFERROR(__xludf.DUMMYFUNCTION("""COMPUTED_VALUE"""),"坂田将吾") -> 坂田将吾 | B77: =IFERROR(__xludf.DUMMYFUNCTION("""COMPUTED_VALUE"""),"• 『チェンソーマン』：早川アキ • 『Fairy蘭丸～あなたの心お助けします～』：阿以蘭丸 • 『転生王女と天才令嬢の魔法革命』：アルガルド・ボナ・パレッティア • 『千歳くんはラムネ瓶のなか』：千歳朔 • 『悪魔執事と黒い猫』：フェネス・オズワルド • 『桃源暗鬼』：矢颪碇") -> • 『チェンソーマン』：早川アキ • 『Fairy蘭丸～あなたの心お助けします～』：阿以蘭丸 • 『転生王女と天才令嬢の魔法革命』：アルガルド・ボナ・パレッティア • 『千歳くんはラムネ瓶のなか』：千歳朔 • 『悪魔執事と黒い猫』：フェネス・オズワルド • 『桃源暗鬼』：矢颪碇
A78: =IFERROR(__xludf.DUMMYFUNCTION("""COMPUTED_VALUE"""),"榊原優希") -> 榊原優希 | B78: =IFERROR(__xludf.DUMMYFUNCTION("""COMPUTED_VALUE"""),"• 『ヒプノシスマイク』：四十物十四 • 『デッドマウント・デスプレイ』：四乃山ポルカ • 『呪術廻戦』：星綺羅羅 • 『シャドウバースF』：白銀ミカド • 『異世界ワンターンキル姉さん』：軍場朝陽 • 『リコリス・リコイル』：ロボ太") -> • 『ヒプノシスマイク』：四十物十四 • 『デッドマウント・デスプレイ』：四乃山ポルカ • 『呪術廻戦』：星綺羅羅 • 『シャドウバースF』：白銀ミカド • 『異世界ワンターンキル姉さん』：軍場朝陽 • 『リコリス・リコイル』：ロボ太
A79: =IFERROR(__xludf.DUMMYFUNCTION("""COMPUTED_VALUE"""),"阪口大助") -> 阪口大助 | B79: =IFERROR(__xludf.DUMMYFUNCTION("""COMPUTED_VALUE"""),"• 『銀魂』：志村新八 • 『機動戦士Vガンダム』：ウッソ・エヴィン • 『血界戦線』：レオナルド・ウォッチ • 『CLANNAD』：春原陽平 • 『炎炎ノ消防隊』：ヴィクトル・リヒト • 『あたしンち』：立花ユズヒコ • 『氷菓』：福部里志") -> • 『銀魂』：志村新八 • 『機動戦士Vガンダム』：ウッソ・エヴィン • 『血界戦線』：レオナルド・ウォッチ • 『CLANNAD』：春原陽平 • 『炎炎ノ消防隊』：ヴィクトル・リヒト • 『あたしンち』：立花ユズヒコ • 『氷菓』：福部里志
A80: =IFERROR(__xludf.DUMMYFUNCTION("""COMPUTED_VALUE"""),"櫻井トオル") -> 櫻井トオル | B80: =IFERROR(__xludf.DUMMYFUNCTION("""COMPUTED_VALUE"""),"• 『ハイキュー!!』：花巻貴大 • 『銀の匙 Silver Spoon』：駒場一郎 • 『ドラゴンボールDAIMA』：ミスター・サタン • 『刀剣乱舞』：同田貫正国／蜻蛉切 • 『SHAMAN KING』：李白竜 • 『THE FIRST SLAM DUNK』：潮崎哲士") -> • 『ハイキュー!!』：花巻貴大 • 『銀の匙 Silver Spoon』：駒場一郎 • 『ドラゴンボールDAIMA』：ミスター・サタン • 『刀剣乱舞』：同田貫正国／蜻蛉切 • 『SHAMAN KING』：李白竜 • 『THE FIRST SLAM DUNK』：潮崎哲士
A81: =IFERROR(__xludf.DUMMYFUNCTION("""COMPUTED_VALUE"""),"佐藤拓也") -> 佐藤拓也 | B81: =IFERROR(__xludf.DUMMYFUNCTION("""COMPUTED_VALUE"""),"• 『アイドリッシュセブン』：十龍之介 • 『カードファイト!! ヴァンガード』：櫂トシキ • 『ジョジョの奇妙な冒険』：シーザー・アントニオ・ツェペリ • 『憂国のモリアーティ』：アルバート・ジェームズ・モリアーティ • 『刀剣乱舞』：燭台切光忠 • 『魔入りました！入間くん』：サブノック・サブロ • 『キャプテン翼』：日向小次郎") -> • 『アイドリッシュセブン』：十龍之介 • 『カードファイト!! ヴァンガード』：櫂トシキ • 『ジョジョの奇妙な冒険』：シーザー・アントニオ・ツェペリ • 『憂国のモリアーティ』：アルバート・ジェームズ・モリアーティ • 『刀剣乱舞』：燭台切光忠 • 『魔入りました！入間くん』：サブノック・サブロ • 『キャプテン翼』：日向小次郎
A82: =IFERROR(__xludf.DUMMYFUNCTION("""COMPUTED_VALUE"""),"佐藤祐吾") -> 佐藤祐吾 | B82: =IFERROR(__xludf.DUMMYFUNCTION("""COMPUTED_VALUE"""),"• 『雨色ココア』：都倉望 • 『ACTORS -Songs Connection-』：新木完 • 『遊☆戯☆王SEVENS』：加山シュベール • 『シュート！ Goal to the Future』：松橋圭 • 『18TRIP』：衣川季肋") -> • 『雨色ココア』：都倉望 • 『ACTORS -Songs Connection-』：新木完 • 『遊☆戯☆王SEVENS』：加山シュベール • 『シュート！ Goal to the Future』：松橋圭 • 『18TRIP』：衣川季肋
A83: =IFERROR(__xludf.DUMMYFUNCTION("""COMPUTED_VALUE"""),"沢城千春") -> 沢城千春 | B83: =IFERROR(__xludf.DUMMYFUNCTION("""COMPUTED_VALUE"""),"• 『A3!』：摂津万里 • 『Caligula』：式島律 • 『トライブナイン』：タイガ • 『ラブ米 -WE LOVE RICE-』：ささにしき • 『スタンドマイヒーローズ』：九条壮馬 • 『チア男子!!』：安藤タケル") -> • 『A3!』：摂津万里 • 『Caligula』：式島律 • 『トライブナイン』：タイガ • 『ラブ米 -WE LOVE RICE-』：ささにしき • 『スタンドマイヒーローズ』：九条壮馬 • 『チア男子!!』：安藤タケル
A84: =IFERROR(__xludf.DUMMYFUNCTION("""COMPUTED_VALUE"""),"重松千晴") -> 重松千晴 | B84: =IFERROR(__xludf.DUMMYFUNCTION("""COMPUTED_VALUE"""),"• 『あんさんぶるスターズ！！』：礼瀬マヨイ • 『神様になった日』：鈴木央人 • 『神之塔 -Tower of God-』：ベータ • 『クレバテス-魔獣の王と赤子と屍の勇者-』：メイナード") -> • 『あんさんぶるスターズ！！』：礼瀬マヨイ • 『神様になった日』：鈴木央人 • 『神之塔 -Tower of God-』：ベータ • 『クレバテス-魔獣の王と赤子と屍の勇者-』：メイナード
A85: =IFERROR(__xludf.DUMMYFUNCTION("""COMPUTED_VALUE"""),"島﨑信長") -> 島﨑信長 | B85: =IFERROR(__xludf.DUMMYFUNCTION("""COMPUTED_VALUE"""),"• 『Free!』：七瀬遙 • 『ブルーロック』：凪誠士郎 • 『フルーツバスケット』：草摩由希 • 『呪術廻戦』：真人 • 『ダイヤのA』：降谷暁 • 『デート・ア・ライブ』：五河士道 • 『ブラッククローバー』：ユノ • 『WIND BREAKER』：蘇枋隼飛") -> • 『Free!』：七瀬遙 • 『ブルーロック』：凪誠士郎 • 『フルーツバスケット』：草摩由希 • 『呪術廻戦』：真人 • 『ダイヤのA』：降谷暁 • 『デート・ア・ライブ』：五河士道 • 『ブラッククローバー』：ユノ • 『WIND BREAKER』：蘇枋隼飛
A86: =IFERROR(__xludf.DUMMYFUNCTION("""COMPUTED_VALUE"""),"下野紘") -> 下野紘 | B86: =IFERROR(__xludf.DUMMYFUNCTION("""COMPUTED_VALUE"""),"• 『鬼滅の刃』：我妻善逸 • 『うたの☆プリンスさまっ♪』：来栖翔 • 『僕のヒーローアカデミア』：荼毘 • 『進撃の巨人』：コニー・スプリンガー • 『バカとテストと召喚獣』：吉井明久 • 『ACCA13区監察課』：ジーン・オータス") -> • 『鬼滅の刃』：我妻善逸 • 『うたの☆プリンスさまっ♪』：来栖翔 • 『僕のヒーローアカデミア』：荼毘 • 『進撃の巨人』：コニー・スプリンガー • 『バカとテストと召喚獣』：吉井明久 • 『ACCA13区監察課』：ジーン・オータス
A87: =IFERROR(__xludf.DUMMYFUNCTION("""COMPUTED_VALUE"""),"白井悠介") -> 白井悠介 | B87: =IFERROR(__xludf.DUMMYFUNCTION("""COMPUTED_VALUE"""),"• 『ヒプノシスマイク』：飴村乱数 • 『アイドリッシュセブン』：二階堂大和 • 『佐々木と宮野』：佐々木秀鳴 • 『美男高校地球防衛部LOVE!』：鳴子硫黄 • 『戦闘員、派遣します!』：戦闘員六号 • 『誰ソ彼ホテル』：大外聖生") -> • 『ヒプノシスマイク』：飴村乱数 • 『アイドリッシュセブン』：二階堂大和 • 『佐々木と宮野』：佐々木秀鳴 • 『美男高校地球防衛部LOVE!』：鳴子硫黄 • 『戦闘員、派遣します!』：戦闘員六号 • 『誰ソ彼ホテル』：大外聖生
A88: =IFERROR(__xludf.DUMMYFUNCTION("""COMPUTED_VALUE"""),"杉田智和") -> 杉田智和 | B88: =IFERROR(__xludf.DUMMYFUNCTION("""COMPUTED_VALUE"""),"• 『銀魂』：坂田銀時 • 『涼宮ハルヒの憂鬱』：キョン • 『ジョジョの奇妙な冒険』：ジョセフ・ジョースター • 『無職転生 ～異世界行ったら本気だす～』：前世の男 • 『鬼滅の刃』：悲鳴嶼行冥 • 『七つの大罪』：エスカノール • 『SAKAMOTO DAYS』：坂本太郎") -> • 『銀魂』：坂田銀時 • 『涼宮ハルヒの憂鬱』：キョン • 『ジョジョの奇妙な冒険』：ジョセフ・ジョースター • 『無職転生 ～異世界行ったら本気だす～』：前世の男 • 『鬼滅の刃』：悲鳴嶼行冥 • 『七つの大罪』：エスカノール • 『SAKAMOTO DAYS』：坂本太郎
A89: =IFERROR(__xludf.DUMMYFUNCTION("""COMPUTED_VALUE"""),"杉山紀彰") -> 杉山紀彰 | B89: =IFERROR(__xludf.DUMMYFUNCTION("""COMPUTED_VALUE"""),"• 『NARUTO -ナルト-』：うちはサスケ • 『BLEACH』：石田雨竜 • 『Fate/stay night』：衛宮士郎 • 『ヘタリア』：イギリス • 『魔法使いの約束』：ネロ • 『ONE PIECE』：ヴィンスモーク・イチジ • 『ディズニー ツイステッドワンダーランド』：グリム") -> • 『NARUTO -ナルト-』：うちはサスケ • 『BLEACH』：石田雨竜 • 『Fate/stay night』：衛宮士郎 • 『ヘタリア』：イギリス • 『魔法使いの約束』：ネロ • 『ONE PIECE』：ヴィンスモーク・イチジ • 『ディズニー ツイステッドワンダーランド』：グリム
A90: =IFERROR(__xludf.DUMMYFUNCTION("""COMPUTED_VALUE"""),"鈴木千尋") -> 鈴木千尋 | B90: =IFERROR(__xludf.DUMMYFUNCTION("""COMPUTED_VALUE"""),"• 『彼氏彼女の事情』：有馬総一郎 • 『エルフェンリート』：コウタ • 『砂ぼうず』：砂ぼうず • 『テニスの王子様』：神尾アキラ • 『Free!』：鴫野貴澄 • 『プリパラ』：クマ • 『テイルズ オブ ジ アビス』：ルーク・フォン・ファブレ") -> • 『彼氏彼女の事情』：有馬総一郎 • 『エルフェンリート』：コウタ • 『砂ぼうず』：砂ぼうず • 『テニスの王子様』：神尾アキラ • 『Free!』：鴫野貴澄 • 『プリパラ』：クマ • 『テイルズ オブ ジ アビス』：ルーク・フォン・ファブレ
A91: =IFERROR(__xludf.DUMMYFUNCTION("""COMPUTED_VALUE"""),"鈴木裕斗") -> 鈴木裕斗 | B91: =IFERROR(__xludf.DUMMYFUNCTION("""COMPUTED_VALUE"""),"• 『刀剣乱舞』：骨喰藤四郎 • 『SERVAMP-サーヴァンプ-』：綿貫桜哉 • 『ブラッククローバー』：レブチ・サリーク • 『魔界王子 devils and realist』：マモン • 『Dance with Devils』：ジェキ • 『シンカリオン チェンジ ザ ワールド』：岩手カケル") -> • 『刀剣乱舞』：骨喰藤四郎 • 『SERVAMP-サーヴァンプ-』：綿貫桜哉 • 『ブラッククローバー』：レブチ・サリーク • 『魔界王子 devils and realist』：マモン • 『Dance with Devils』：ジェキ • 『シンカリオン チェンジ ザ ワールド』：岩手カケル
A92: =IFERROR(__xludf.DUMMYFUNCTION("""COMPUTED_VALUE"""),"鈴木崚汰") -> 鈴木崚汰 | B92: =IFERROR(__xludf.DUMMYFUNCTION("""COMPUTED_VALUE"""),"• 『Dr.STONE』：七海龍水 • 『錆喰いビスコ』：赤星ビスコ • 『かぐや様は告らせたい～天才たちの恋愛頭脳戦～』：石上優 • 『勇気爆発バーンブレイバーン』：イサミ・アオ • 『ディズニー ツイステッドワンダーランド』：トレイ・クローバー • 『地獄楽』：山田浅ェ門殊現 • 『SAKAMOTO DAYS』：眞霜平助 • 『ドラゴンボールDAIMA』：ヤムチャ（2代目）") -> • 『Dr.STONE』：七海龍水 • 『錆喰いビスコ』：赤星ビスコ • 『かぐや様は告らせたい～天才たちの恋愛頭脳戦～』：石上優 • 『勇気爆発バーンブレイバーン』：イサミ・アオ • 『ディズニー ツイステッドワンダーランド』：トレイ・クローバー • 『地獄楽』：山田浅ェ門殊現 • 『SAKAMOTO DAYS』：眞霜平助 • 『ドラゴンボールDAIMA』：ヤムチャ（2代目）
A93: =IFERROR(__xludf.DUMMYFUNCTION("""COMPUTED_VALUE"""),"諏訪部順一") -> 諏訪部順一 | B93: =IFERROR(__xludf.DUMMYFUNCTION("""COMPUTED_VALUE"""),"• 『テニスの王子様』：跡部景吾 • 『Fate/stay night』：アーチャー • 『うたの☆プリンスさまっ♪』：神宮寺レン • 『ユーリ!!! on ICE』：ヴィクトル・ニキフォロフ • 『呪術廻戦』：両面宿儺 • 『黒執事』：アンダーテイカー • 『BLEACH』：グリムジョー・ジャガージャック • 『僕のヒーローアカデミア』：相澤消太") -> • 『テニスの王子様』：跡部景吾 • 『Fate/stay night』：アーチャー • 『うたの☆プリンスさまっ♪』：神宮寺レン • 『ユーリ!!! on ICE』：ヴィクトル・ニキフォロフ • 『呪術廻戦』：両面宿儺 • 『黒執事』：アンダーテイカー • 『BLEACH』：グリムジョー・ジャガージャック • 『僕のヒーローアカデミア』：相澤消太
A94: =IFERROR(__xludf.DUMMYFUNCTION("""COMPUTED_VALUE"""),"関俊彦") -> 関俊彦 | B94: =IFERROR(__xludf.DUMMYFUNCTION("""COMPUTED_VALUE"""),"• 『最遊記』：玄奘三蔵 • 『忍たま乱太郎』：土井半助 • 『仮面ライダー電王』：モモタロス • 『鬼滅の刃』：鬼舞辻無惨 • 『新機動戦記ガンダムW』：デュオ・マックスウェル • 『キルラキル』：鮮血 • 『NARUTO -ナルト-』：うみのイルカ") -> • 『最遊記』：玄奘三蔵 • 『忍たま乱太郎』：土井半助 • 『仮面ライダー電王』：モモタロス • 『鬼滅の刃』：鬼舞辻無惨 • 『新機動戦記ガンダムW』：デュオ・マックスウェル • 『キルラキル』：鮮血 • 『NARUTO -ナルト-』：うみのイルカ
A95: =IFERROR(__xludf.DUMMYFUNCTION("""COMPUTED_VALUE"""),"高坂知也") -> 高坂知也 | B95: =IFERROR(__xludf.DUMMYFUNCTION("""COMPUTED_VALUE"""),"• 『あんさんぶるスターズ！』：紫之創 • 『SHOW BY ROCK!!』：はっくん • 『ガンダムビルドファイターズトライ』：シキ・カズヤ") -> • 『あんさんぶるスターズ！』：紫之創 • 『SHOW BY ROCK!!』：はっくん • 『ガンダムビルドファイターズトライ』：シキ・カズヤ
A96: =IFERROR(__xludf.DUMMYFUNCTION("""COMPUTED_VALUE"""),"高城元気") -> 高城元気 | B96: =IFERROR(__xludf.DUMMYFUNCTION("""COMPUTED_VALUE"""),"• 『ef - a tale of memories.』：麻生蓮治 • 『CLAYMORE』：ラキ • 『宇宙戦艦ヤマト2199』：星名透 • 『BRAVE10』：由利鎌之介 • 『刀剣乱舞』：毛利藤四郎 • 『ヘタリア』：香港 • 『千銃士』：フルサト") -> • 『ef - a tale of memories.』：麻生蓮治 • 『CLAYMORE』：ラキ • 『宇宙戦艦ヤマト2199』：星名透 • 『BRAVE10』：由利鎌之介 • 『刀剣乱舞』：毛利藤四郎 • 『ヘタリア』：香港 • 『千銃士』：フルサト
A97: =IFERROR(__xludf.DUMMYFUNCTION("""COMPUTED_VALUE"""),"高塚智人") -> 高塚智人 | B97: =IFERROR(__xludf.DUMMYFUNCTION("""COMPUTED_VALUE"""),"• 『アイドルマスター SideM』：渡辺みのり • 『スタンドマイヒーローズ』：荒木田蒼生 • 『ALL OUT!!』：大比叡太一 • 『指先から本気の熱情-幼なじみは消防士-』：泉友貴 • 『王子の本命は悪役令嬢』：シリウス・イヴェール") -> • 『アイドルマスター SideM』：渡辺みのり • 『スタンドマイヒーローズ』：荒木田蒼生 • 『ALL OUT!!』：大比叡太一 • 『指先から本気の熱情-幼なじみは消防士-』：泉友貴 • 『王子の本命は悪役令嬢』：シリウス・イヴェール
A98: =IFERROR(__xludf.DUMMYFUNCTION("""COMPUTED_VALUE"""),"高梨謙吾") -> 高梨謙吾 | B98: =IFERROR(__xludf.DUMMYFUNCTION("""COMPUTED_VALUE"""),"• 『ドロヘドロ』：藤田 • 『七星のスバル』：天羽陽翔 • 『刀剣乱舞』：山姥切長義 • 『スタミュ』：蜂矢聡 • 『村井の恋』：村井 • 『クールドジ男子』：赤井 • 『白猫プロジェクト ZERO CHRONICLE』：アデル") -> • 『ドロヘドロ』：藤田 • 『七星のスバル』：天羽陽翔 • 『刀剣乱舞』：山姥切長義 • 『スタミュ』：蜂矢聡 • 『村井の恋』：村井 • 『クールドジ男子』：赤井 • 『白猫プロジェクト ZERO CHRONICLE』：アデル
A99: =IFERROR(__xludf.DUMMYFUNCTION("""COMPUTED_VALUE"""),"髙橋孝治") -> 髙橋孝治 | B99: =IFERROR(__xludf.DUMMYFUNCTION("""COMPUTED_VALUE"""),"• 『星刻の竜騎士』：アッシュ・ブレイク • 『刀剣乱舞』：太鼓鐘貞宗 • 『K』：秋山氷杜／エリック・スルト • 『文豪とアルケミスト』：堀辰雄 • 『本好きの下剋上』：ヨハン") -> • 『星刻の竜騎士』：アッシュ・ブレイク • 『刀剣乱舞』：太鼓鐘貞宗 • 『K』：秋山氷杜／エリック・スルト • 『文豪とアルケミスト』：堀辰雄 • 『本好きの下剋上』：ヨハン
A100: =IFERROR(__xludf.DUMMYFUNCTION("""COMPUTED_VALUE"""),"高橋英則") -> 高橋英則 | B100: =IFERROR(__xludf.DUMMYFUNCTION("""COMPUTED_VALUE"""),"• 『BORUTO-ボルト-』：猿飛木ノ葉丸 • 『刀剣乱舞』：石切丸 • 『うたの☆プリンスさまっ♪』：桐生院ヴァン • 『AMNESIA』：ワカ • 『トライナイツ』：小熊景太 • 『メガトン級ムサシ』：竹熊繁弘") -> • 『BORUTO-ボルト-』：猿飛木ノ葉丸 • 『刀剣乱舞』：石切丸 • 『うたの☆プリンスさまっ♪』：桐生院ヴァン • 『AMNESIA』：ワカ • 『トライナイツ』：小熊景太 • 『メガトン級ムサシ』：竹熊繁弘
...

Sheet キャラクター名
A1: 声優ID | B1: 声優名 | C1: 作品ID | D1: 作品名 | E1: キャラクター名
A2: {=IF(B2="", "", IFERROR(INDEX(声優一覧!A:A, MATCH(B2, 声優一覧!B:B, 0)), "該当なし"))} -> va_137 | B2: 中村悠一 | C2: touken | D2: =IF(C2="", "", IFERROR(VLOOKUP(C2, 作品一覧!A:B, 2, FALSE), "該当なし")) -> 刀剣乱舞 | E2: 童子切安綱 剥落
A3: {=IF(B3="", "", IFERROR(INDEX(声優一覧!A:A, MATCH(B3, 声優一覧!B:B, 0)), "該当なし"))} -> va_132 | B3: 鳥海浩輔 | C3: touken | D3: =IF(C3="", "", IFERROR(VLOOKUP(C3, 作品一覧!A:B, 2, FALSE), "該当なし")) -> 刀剣乱舞 | E3: 三日月宗近
A4: {=IF(B4="", "", IFERROR(INDEX(声優一覧!A:A, MATCH(B4, 声優一覧!B:B, 0)), "該当なし"))} -> va_081 | B4: 近藤隆 | C4: touken | D4: =IF(C4="", "", IFERROR(VLOOKUP(C4, 作品一覧!A:B, 2, FALSE), "該当なし")) -> 刀剣乱舞 | E4: 小狐丸
A5: {=IF(B5="", "", IFERROR(INDEX(声優一覧!A:A, MATCH(B5, 声優一覧!B:B, 0)), "該当なし"))} -> va_110 | B5: 高橋英則 | C5: touken | D5: =IF(C5="", "", IFERROR(VLOOKUP(C5, 作品一覧!A:B, 2, FALSE), "該当なし")) -> 刀剣乱舞 | E5: 石切丸
A6: {=IF(B6="", "", IFERROR(INDEX(声優一覧!A:A, MATCH(B6, 声優一覧!B:B, 0)), "該当なし"))} -> va_181 | B6: 宮下栄治 | C6: touken | D6: =IF(C6="", "", IFERROR(VLOOKUP(C6, 作品一覧!A:B, 2, FALSE), "該当なし")) -> 刀剣乱舞 | E6: 岩融
A7: {=IF(B7="", "", IFERROR(INDEX(声優一覧!A:A, MATCH(B7, 声優一覧!B:B, 0)), "該当なし"))} -> va_193 | B7: 山下大輝 | C7: touken | D7: =IF(C7="", "", IFERROR(VLOOKUP(C7, 作品一覧!A:B, 2, FALSE), "該当なし")) -> 刀剣乱舞 | E7: 今剣
A8: {=IF(B8="", "", IFERROR(INDEX(声優一覧!A:A, MATCH(B8, 声優一覧!B:B, 0)), "該当なし"))} -> va_138 | B8: 浪川大輔 | C8: touken | D8: =IF(C8="", "", IFERROR(VLOOKUP(C8, 作品一覧!A:B, 2, FALSE), "該当なし")) -> 刀剣乱舞 | E8: 大典太光世
A9: {=IF(B9="", "", IFERROR(INDEX(声優一覧!A:A, MATCH(B9, 声優一覧!B:B, 0)), "該当なし"))} -> va_005 | B9: 浅利遼太 | C9: touken | D9: =IF(C9="", "", IFERROR(VLOOKUP(C9, 作品一覧!A:B, 2, FALSE), "該当なし")) -> 刀剣乱舞 | E9: ソハヤノツルキ
A10: {=IF(B10="", "", IFERROR(INDEX(声優一覧!A:A, MATCH(B10, 声優一覧!B:B, 0)), "該当なし"))} -> va_180 | B10: 緑川光 | C10: touken | D10: =IF(C10="", "", IFERROR(VLOOKUP(C10, 作品一覧!A:B, 2, FALSE), "該当なし")) -> 刀剣乱舞 | E10: 数珠丸恒次
A11: {=IF(B11="", "", IFERROR(INDEX(声優一覧!A:A, MATCH(B11, 声優一覧!B:B, 0)), "該当なし"))} -> va_171 | B11: 間島淳司 | C11: touken | D11: =IF(C11="", "", IFERROR(VLOOKUP(C11, 作品一覧!A:B, 2, FALSE), "該当なし")) -> 刀剣乱舞 | E11: にっかり青江
A12: {=IF(B12="", "", IFERROR(INDEX(声優一覧!A:A, MATCH(B12, 声優一覧!B:B, 0)), "該当なし"))} -> va_186 | B12: 森川智之 | C12: touken | D12: =IF(C12="", "", IFERROR(VLOOKUP(C12, 作品一覧!A:B, 2, FALSE), "該当なし")) -> 刀剣乱舞 | E12: 鬼丸国綱
A13: {=IF(B13="", "", IFERROR(INDEX(声優一覧!A:A, MATCH(B13, 声優一覧!B:B, 0)), "該当なし"))} -> va_004 | B13: 浅沼晋太郎 | C13: touken | D13: =IF(C13="", "", IFERROR(VLOOKUP(C13, 作品一覧!A:B, 2, FALSE), "該当なし")) -> 刀剣乱舞 | E13: 鳴狐
... A416: {=IF(B416="", "", IFERROR(INDEX(声優一覧!A:A, MATCH(B416, 声優一覧!B:B, 0)), "該当なし"))} -> va_112 | B416: 武内駿輔 | C416: aopl | D416: =IF(C416="", "", IFERROR(VLOOKUP(C416, 作品一覧!A:B, 2, FALSE), "該当なし")) -> アオペラ -aoppella!?- | E416: 伊佐良和
A417: {=IF(B417="", "", IFERROR(INDEX(声優一覧!A:A, MATCH(B417, 声優一覧!B:B, 0)), "該当なし"))} -> va_046 | B417: =IFERROR(__xludf.DUMMYFUNCTION("IFERROR(INDEX(SPLIT(F417, "" ： ""), 2), """") "),"小野友樹") -> 小野友樹 | C417: krsm | D417: =IF(C417="", "", IFERROR(VLOOKUP(C417, 作品一覧!A:B, 2, FALSE), "該当なし")) -> カリスマ | E417: =IFERROR(__xludf.DUMMYFUNCTION("IFERROR(INDEX(SPLIT(F417, "" ： ""), 1), """") "),"伊藤ふみや") -> 伊藤ふみや | F417: 伊藤ふみや：小野友樹
A418: {=IF(B418="", "", IFERROR(INDEX(声優一覧!A:A, MATCH(B418, 声優一覧!B:B, 0)), "該当なし"))} -> va_194 | B418: =IFERROR(__xludf.DUMMYFUNCTION("IFERROR(INDEX(SPLIT(F418, "" ： ""), 2), """") "),"山中真尋") -> 山中真尋 | C418: krsm | D418: =IF(C418="", "", IFERROR(VLOOKUP(C418, 作品一覧!A:B, 2, FALSE), "該当なし")) -> カリスマ | E418: =IFERROR(__xludf.DUMMYFUNCTION("IFERROR(INDEX(SPLIT(F418, "" ： ""), 1), """") "),"草薙理解") -> 草薙理解 | F418: 草薙理解：山中真尋
A419: {=IF(B419="", "", IFERROR(INDEX(声優一覧!A:A, MATCH(B419, 声優一覧!B:B, 0)), "該当なし"))} -> va_212 | B419: =IFERROR(__xludf.DUMMYFUNCTION("IFERROR(INDEX(SPLIT(F419, "" ： ""), 2), """") "),"福原かつみ") -> 福原かつみ | C419: krsm | D419: =IF(C419="", "", IFERROR(VLOOKUP(C419, 作品一覧!A:B, 2, FALSE), "該当なし")) -> カリスマ | E419: =IFERROR(__xludf.DUMMYFUNCTION("IFERROR(INDEX(SPLIT(F419, "" ： ""), 1), """") "),"本橋依央利") -> 本橋依央利 | F419: 本橋依央利：福原かつみ
A420: {=IF(B420="", "", IFERROR(INDEX(声優一覧!A:A, MATCH(B420, 声優一覧!B:B, 0)), "該当なし"))} -> va_213 | B420: =IFERROR(__xludf.DUMMYFUNCTION("IFERROR(INDEX(SPLIT(F420, "" ： ""), 2), """") "),"細田健太") -> 細田健太 | C420: krsm | D420: =IF(C420="", "", IFERROR(VLOOKUP(C420, 作品一覧!A:B, 2, FALSE), "該当なし")) -> カリスマ | E420: =IFERROR(__xludf.DUMMYFUNCTION("IFERROR(INDEX(SPLIT(F420, "" ： ""), 1), """") "),"猿川慧") -> 猿川慧 | F420: 猿川慧：細田健太
A421: {=IF(B421="", "", IFERROR(INDEX(声優一覧!A:A, MATCH(B421, 声優一覧!B:B, 0)), "該当なし"))} -> va_214 | B421: =IFERROR(__xludf.DUMMYFUNCTION("IFERROR(INDEX(SPLIT(F421, "" ： ""), 2), """") "),"日向朔公") -> 日向朔公 | C421: krsm | D421: =IF(C421="", "", IFERROR(VLOOKUP(C421, 作品一覧!A:B, 2, FALSE), "該当なし")) -> カリスマ | E421: =IFERROR(__xludf.DUMMYFUNCTION("IFERROR(INDEX(SPLIT(F421, "" ： ""), 1), """") "),"湊大瀬") -> 湊大瀬 | F421: 湊大瀬：日向朔公
A422: {=IF(B422="", "", IFERROR(INDEX(声優一覧!A:A, MATCH(B422, 声優一覧!B:B, 0)), "該当なし"))} -> va_215 | B422: =IFERROR(__xludf.DUMMYFUNCTION("IFERROR(INDEX(SPLIT(F422, "" ： ""), 2), """") "),"大河元気") -> 大河元気 | C422: krsm | D422: =IF(C422="", "", IFERROR(VLOOKUP(C422, 作品一覧!A:B, 2, FALSE), "該当なし")) -> カリスマ | E422: =IFERROR(__xludf.DUMMYFUNCTION("IFERROR(INDEX(SPLIT(F422, "" ： ""), 1), """") "),"テラ") -> テラ | F422: テラ：大河元気
A423: {=IF(B423="", "", IFERROR(INDEX(声優一覧!A:A, MATCH(B423, 声優一覧!B:B, 0)), "該当なし"))} -> va_216 | B423: =IFERROR(__xludf.DUMMYFUNCTION("IFERROR(INDEX(SPLIT(F423, "" ： ""), 2), """") "),"橋詰知久") -> 橋詰知久 | C423: krsm | D423: =IF(C423="", "", IFERROR(VLOOKUP(C423, 作品一覧!A:B, 2, FALSE), "該当なし")) -> カリスマ | E423: =IFERROR(__xludf.DUMMYFUNCTION("IFERROR(INDEX(SPLIT(F423, "" ： ""), 1), """") "),"天堂天彦") -> 天堂天彦 | F423: 天堂天彦：橋詰知久
A424: {=IF(B424="", "", IFERROR(INDEX(声優一覧!A:A, MATCH(B424, 声優一覧!B:B, 0)), "該当なし"))} -> va_053 | B424: =IFERROR(__xludf.DUMMYFUNCTION("MAP(F424:F1992, LAMBDA(text, IFERROR(INDEX(SPLIT(text, "" ： ""), 2), """"))) "),"梶原岳人") -> 梶原岳人 | C424: prli | D424: =IF(C424="", "", IFERROR(VLOOKUP(C424, 作品一覧!A:B, 2, FALSE), "該当なし")) -> Paradox Live | E424: =IFERROR(__xludf.DUMMYFUNCTION("MAP(F424:F1992, LAMBDA(text, IFERROR(INDEX(SPLIT(text, "" ： ""), 1), """"))) "),"朱雀野アレン") -> 朱雀野アレン | F424: 朱雀野アレン：梶原岳人
A425: {=IF(B425="", "", IFERROR(INDEX(声優一覧!A:A, MATCH(B425, 声優一覧!B:B, 0)), "該当なし"))} -> va_183 | B425: =IFERROR(__xludf.DUMMYFUNCTION("""COMPUTED_VALUE"""),"村瀬歩") -> 村瀬歩 | C425: prli | D425: =IF(C425="", "", IFERROR(VLOOKUP(C425, 作品一覧!A:B, 2, FALSE), "該当なし")) -> Paradox Live | E425: =IFERROR(__xludf.DUMMYFUNCTION("""COMPUTED_VALUE"""),"燕夏準") -> 燕夏準 | F425: 燕夏準：村瀬歩
A426: {=IF(B426="", "", IFERROR(INDEX(声優一覧!A:A, MATCH(B426, 声優一覧!B:B, 0)), "該当なし"))} -> va_217 | B426: =IFERROR(__xludf.DUMMYFUNCTION("""COMPUTED_VALUE"""),"竹内良太") -> 竹内良太 | C426: prli | D426: =IF(C426="", "", IFERROR(VLOOKUP(C426, 作品一覧!A:B, 2, FALSE), "該当なし")) -> Paradox Live | E426: =IFERROR(__xludf.DUMMYFUNCTION("""COMPUTED_VALUE"""),"西門直明") -> 西門直明 | F426: 西門直明：竹内良太
A427: {=IF(B427="", "", IFERROR(INDEX(声優一覧!A:A, MATCH(B427, 声優一覧!B:B, 0)), "該当なし"))} -> va_218 | B427: =IFERROR(__xludf.DUMMYFUNCTION("""COMPUTED_VALUE"""),"林勇") -> 林勇 | C427: prli | D427: =IF(C427="", "", IFERROR(VLOOKUP(C427, 作品一覧!A:B, 2, FALSE), "該当なし")) -> Paradox Live | E427: =IFERROR(__xludf.DUMMYFUNCTION("""COMPUTED_VALUE"""),"神林匋平") -> 神林匋平 | F427: 神林匋平：林勇
A428: {=IF(B428="", "", IFERROR(INDEX(声優一覧!A:A, MATCH(B428, 声優一覧!B:B, 0)), "該当なし"))} -> va_150 | B428: =IFERROR(__xludf.DUMMYFUNCTION("""COMPUTED_VALUE"""),"花江夏樹") -> 花江夏樹 | C428: prli | D428: =IF(C428="", "", IFERROR(VLOOKUP(C428, 作品一覧!A:B, 2, FALSE), "該当なし")) -> Paradox Live | E428: =IFERROR(__xludf.DUMMYFUNCTION("""COMPUTED_VALUE"""),"棗リュウ") -> 棗リュウ | F428: 棗リュウ：花江夏樹
A429: {=IF(B429="", "", IFERROR(INDEX(声優一覧!A:A, MATCH(B429, 声優一覧!B:B, 0)), "該当なし"))} -> va_124 | B429: =IFERROR(__xludf.DUMMYFUNCTION("""COMPUTED_VALUE"""),"寺島惇太") -> 寺島惇太 | C429: prli | D429: =IF(C429="", "", IFERROR(VLOOKUP(C429, 作品一覧!A:B, 2, FALSE), "該当なし")) -> Paradox Live | E429: =IFERROR(__xludf.DUMMYFUNCTION("""COMPUTED_VALUE"""),"闇堂四季") -> 闇堂四季 | F429: 闇堂四季：寺島惇太
A430: {=IF(B430="", "", IFERROR(INDEX(声優一覧!A:A, MATCH(B430, 声優一覧!B:B, 0)), "該当なし"))} -> va_075 | B430: =IFERROR(__xludf.DUMMYFUNCTION("""COMPUTED_VALUE"""),"小林裕介") -> 小林裕介 | C430: prli | D430: =IF(C430="", "", IFERROR(VLOOKUP(C430, 作品一覧!A:B, 2, FALSE), "該当なし")) -> Paradox Live | E430: =IFERROR(__xludf.DUMMYFUNCTION("""COMPUTED_VALUE"""),"矢戸乃上珂波汰") -> 矢戸乃上珂波汰 | F430: 矢戸乃上珂波汰：小林裕介
A431: {=IF(B431="", "", IFERROR(INDEX(声優一覧!A:A, MATCH(B431, 声優一覧!B:B, 0)), "該当なし"))} -> va_131 | B431: =IFERROR(__xludf.DUMMYFUNCTION("""COMPUTED_VALUE"""),"豊永利行") -> 豊永利行 | C431: prli | D431: =IF(C431="", "", IFERROR(VLOOKUP(C431, 作品一覧!A:B, 2, FALSE), "該当なし")) -> Paradox Live | E431: =IFERROR(__xludf.DUMMYFUNCTION("""COMPUTED_VALUE"""),"矢戸乃上那由汰") -> 矢戸乃上那由汰 | F431: 矢戸乃上那由汰：豊永利行
A432: {=IF(B432="", "", IFERROR(INDEX(声優一覧!A:A, MATCH(B432, 声優一覧!B:B, 0)), "該当なし"))} -> va_219 | B432: =IFERROR(__xludf.DUMMYFUNCTION("""COMPUTED_VALUE"""),"近藤孝行") -> 近藤孝行 | C432: prli | D432: =IF(C432="", "", IFERROR(VLOOKUP(C432, 作品一覧!A:B, 2, FALSE), "該当なし")) -> Paradox Live | E432: =IFERROR(__xludf.DUMMYFUNCTION("""COMPUTED_VALUE"""),"翠石依織") -> 翠石依織 | F432: 翠石依織：近藤孝行
A433: {=IF(B433="", "", IFERROR(INDEX(声優一覧!A:A, MATCH(B433, 声優一覧!B:B, 0)), "該当なし"))} -> va_220 | B433: =IFERROR(__xludf.DUMMYFUNCTION("""COMPUTED_VALUE"""),"志麻") -> 志麻 | C433: prli | D433: =IF(C433="", "", IFERROR(VLOOKUP(C433, 作品一覧!A:B, 2, FALSE), "該当なし")) -> Paradox Live | E433: =IFERROR(__xludf.DUMMYFUNCTION("""COMPUTED_VALUE"""),"雅邦善") -> 雅邦善 | F433: 雅邦善：志麻
A434: {=IF(B434="", "", IFERROR(INDEX(声優一覧!A:A, MATCH(B434, 声優一覧!B:B, 0)), "該当なし"))} -> va_129 | B434: =IFERROR(__xludf.DUMMYFUNCTION("""COMPUTED_VALUE"""),"土岐隼一") -> 土岐隼一 | C434: prli | D434: =IF(C434="", "", IFERROR(VLOOKUP(C434, 作品一覧!A:B, 2, FALSE), "該当なし")) -> Paradox Live | E434: =IFERROR(__xludf.DUMMYFUNCTION("""COMPUTED_VALUE"""),"征木北斎") -> 征木北斎 | F434: 征木北斎：土岐隼一
A435: {=IF(B435="", "", IFERROR(INDEX(声優一覧!A:A, MATCH(B435, 声優一覧!B:B, 0)), "該当なし"))} -> va_147 | B435: =IFERROR(__xludf.DUMMYFUNCTION("""COMPUTED_VALUE"""),"畠中祐") -> 畠中祐 | C435: prli | D435: =IF(C435="", "", IFERROR(VLOOKUP(C435, 作品一覧!A:B, 2, FALSE), "該当なし")) -> Paradox Live | E435: =IFERROR(__xludf.DUMMYFUNCTION("""COMPUTED_VALUE"""),"伊藤紗月") -> 伊藤紗月 | F435: 伊藤紗月：畠中祐
A436: {=IF(B436="", "", IFERROR(INDEX(声優一覧!A:A, MATCH(B436, 声優一覧!B:B, 0)), "該当なし"))} -> va_221 | B436: =IFERROR(__xludf.DUMMYFUNCTION("""COMPUTED_VALUE"""),"矢野奨吾") -> 矢野奨吾 | C436: prli | D436: =IF(C436="", "", IFERROR(VLOOKUP(C436, 作品一覧!A:B, 2, FALSE), "該当なし")) -> Paradox Live | E436: =IFERROR(__xludf.DUMMYFUNCTION("""COMPUTED_VALUE"""),"円山玲央") -> 円山玲央 | F436: 円山玲央：矢野奨吾
A437: {=IF(B437="", "", IFERROR(INDEX(声優一覧!A:A, MATCH(B437, 声優一覧!B:B, 0)), "該当なし"))} -> va_045 | B437: =IFERROR(__xludf.DUMMYFUNCTION("""COMPUTED_VALUE"""),"小野賢章") -> 小野賢章 | C437: prli | D437: =IF(C437="", "", IFERROR(VLOOKUP(C437, 作品一覧!A:B, 2, FALSE), "該当なし")) -> Paradox Live | E437: =IFERROR(__xludf.DUMMYFUNCTION("""COMPUTED_VALUE"""),"九頭竜智生") -> 九頭竜智生 | F437: 九頭竜智生：小野賢章
A438: {=IF(B438="", "", IFERROR(INDEX(声優一覧!A:A, MATCH(B438, 声優一覧!B:B, 0)), "該当なし"))} -> va_102 | B438: =IFERROR(__xludf.DUMMYFUNCTION("""COMPUTED_VALUE"""),"諏訪部順一") -> 諏訪部順一 | C438: prli | D438: =IF(C438="", "", IFERROR(VLOOKUP(C438, 作品一覧!A:B, 2, FALSE), "該当なし")) -> Paradox Live | E438: =IFERROR(__xludf.DUMMYFUNCTION("""COMPUTED_VALUE"""),"辰宮晴臣") -> 辰宮晴臣 | F438: 辰宮晴臣：諏訪部順一
A439: {=IF(B439="", "", IFERROR(INDEX(声優一覧!A:A, MATCH(B439, 声優一覧!B:B, 0)), "該当なし"))} -> va_134 | B439: =IFERROR(__xludf.DUMMYFUNCTION("""COMPUTED_VALUE"""),"中島ヨシキ") -> 中島ヨシキ | C439: prli | D439: =IF(C439="", "", IFERROR(VLOOKUP(C439, 作品一覧!A:B, 2, FALSE), "該当なし")) -> Paradox Live | E439: =IFERROR(__xludf.DUMMYFUNCTION("""COMPUTED_VALUE"""),"大和憧吾") -> 大和憧吾 | F439: 大和憧吾：中島ヨシキ
A440: {=IF(B440="", "", IFERROR(INDEX(声優一覧!A:A, MATCH(B440, 声優一覧!B:B, 0)), "該当なし"))} -> va_222 | B440: =IFERROR(__xludf.DUMMYFUNCTION("""COMPUTED_VALUE"""),"伊東歌詞太郎") -> 伊東歌詞太郎 | C440: prli | D440: =IF(C440="", "", IFERROR(VLOOKUP(C440, 作品一覧!A:B, 2, FALSE), "該当なし")) -> Paradox Live | E440: =IFERROR(__xludf.DUMMYFUNCTION("""COMPUTED_VALUE"""),"緋景斗真") -> 緋景斗真 | F440: 緋景斗真：伊東歌詞太郎
A441: {=IF(B441="", "", IFERROR(INDEX(声優一覧!A:A, MATCH(B441, 声優一覧!B:B, 0)), "該当なし"))} -> va_223 | B441: =IFERROR(__xludf.DUMMYFUNCTION("""COMPUTED_VALUE"""),"住谷哲栄") -> 住谷哲栄 | C441: prli | D441: =IF(C441="", "", IFERROR(VLOOKUP(C441, 作品一覧!A:B, 2, FALSE), "該当なし")) -> Paradox Live | E441: =IFERROR(__xludf.DUMMYFUNCTION("""COMPUTED_VALUE"""),"三洲寺甘太郎") -> 三洲寺甘太郎 | F441: 三洲寺甘太郎：住谷哲栄
A442: {=IF(B442="", "", IFERROR(INDEX(声優一覧!A:A, MATCH(B442, 声優一覧!B:B, 0)), "該当なし"))} -> va_043 | B442: =IFERROR(__xludf.DUMMYFUNCTION("""COMPUTED_VALUE"""),"置鮎龍太郎") -> 置鮎龍太郎 | C442: prli | D442: =IF(C442="", "", IFERROR(VLOOKUP(C442, 作品一覧!A:B, 2, FALSE), "該当なし")) -> Paradox Live | E442: =IFERROR(__xludf.DUMMYFUNCTION("""COMPUTED_VALUE"""),"白忠成") -> 白忠成 | F442: 白忠成：置鮎龍太郎
A443: {=IF(B443="", "", IFERROR(INDEX(声優一覧!A:A, MATCH(B443, 声優一覧!B:B, 0)), "該当なし"))} -> va_008 | B443: =IFERROR(__xludf.DUMMYFUNCTION("""COMPUTED_VALUE"""),"天月") -> 天月 | C443: prli | D443: =IF(C443="", "", IFERROR(VLOOKUP(C443, 作品一覧!A:B, 2, FALSE), "該当なし")) -> Paradox Live | E443: =IFERROR(__xludf.DUMMYFUNCTION("""COMPUTED_VALUE"""),"御山京") -> 御山京 | F443: 御山京：天月
A444: {=IF(B444="", "", IFERROR(INDEX(声優一覧!A:A, MATCH(B444, 声優一覧!B:B, 0)), "該当なし"))} -> va_062 | B444: =IFERROR(__xludf.DUMMYFUNCTION("""COMPUTED_VALUE"""),"北村諒") -> 北村諒 | C444: prli | D444: =IF(C444="", "", IFERROR(VLOOKUP(C444, 作品一覧!A:B, 2, FALSE), "該当なし")) -> Paradox Live | E444: =IFERROR(__xludf.DUMMYFUNCTION("""COMPUTED_VALUE"""),"イツキ") -> イツキ | F444: イツキ：北村諒
A445: {=IF(B445="", "", IFERROR(INDEX(声優一覧!A:A, MATCH(B445, 声優一覧!B:B, 0)), "該当なし"))} -> va_119 | B445: =IFERROR(__xludf.DUMMYFUNCTION("""COMPUTED_VALUE"""),"千葉翔也") -> 千葉翔也 | C445: prli | D445: =IF(C445="", "", IFERROR(VLOOKUP(C445, 作品一覧!A:B, 2, FALSE), "該当なし")) -> Paradox Live | E445: =IFERROR(__xludf.DUMMYFUNCTION("""COMPUTED_VALUE"""),"ロクタ") -> ロクタ | F445: ロクタ：千葉翔也
A446: {=IF(B446="", "", IFERROR(INDEX(声優一覧!A:A, MATCH(B446, 声優一覧!B:B, 0)), "該当なし"))} -> va_161 | B446: =IFERROR(__xludf.DUMMYFUNCTION("""COMPUTED_VALUE"""),"古川慎") -> 古川慎 | C446: prli | D446: =IF(C446="", "", IFERROR(VLOOKUP(C446, 作品一覧!A:B, 2, FALSE), "該当なし")) -> Paradox Live | E446: =IFERROR(__xludf.DUMMYFUNCTION("""COMPUTED_VALUE"""),"犬飼憂人") -> 犬飼憂人 | F446: 犬飼憂人：古川慎
A447: {=IF(B447="", "", IFERROR(INDEX(声優一覧!A:A, MATCH(B447, 声優一覧!B:B, 0)), "該当なし"))} -> va_224 | B447: =IFERROR(__xludf.DUMMYFUNCTION("""COMPUTED_VALUE"""),"バトリ勝悟") -> バトリ勝悟 | C447: prli | D447: =IF(C447="", "", IFERROR(VLOOKUP(C447, 作品一覧!A:B, 2, FALSE), "該当なし")) -> Paradox Live | E447: =IFERROR(__xludf.DUMMYFUNCTION("""COMPUTED_VALUE"""),"土佐凌牙") -> 土佐凌牙 | F447: 土佐凌牙：バトリ勝悟
A448: {=IF(B448="", "", IFERROR(INDEX(声優一覧!A:A, MATCH(B448, 声優一覧!B:B, 0)), "該当なし"))} -> va_114 | B448: =IFERROR(__xludf.DUMMYFUNCTION("""COMPUTED_VALUE"""),"立花慎之介") -> 立花慎之介 | C448: prli | D448: =IF(C448="", "", IFERROR(VLOOKUP(C448, 作品一覧!A:B, 2, FALSE), "該当なし")) -> Paradox Live | E448: =IFERROR(__xludf.DUMMYFUNCTION("""COMPUTED_VALUE"""),"甲斐田紫音") -> 甲斐田紫音 | F448: 甲斐田紫音：立花慎之介
A449: {=IF(B449="", "", IFERROR(INDEX(声優一覧!A:A, MATCH(B449, 声優一覧!B:B, 0)), "該当なし"))} -> va_072 | B449: =IFERROR(__xludf.DUMMYFUNCTION("""COMPUTED_VALUE"""),"小林千晃") -> 小林千晃 | C449: prli | D449: =IF(C449="", "", IFERROR(VLOOKUP(C449, 作品一覧!A:B, 2, FALSE), "該当なし")) -> Paradox Live | E449: =IFERROR(__xludf.DUMMYFUNCTION("""COMPUTED_VALUE"""),"御子柴賢太") -> 御子柴賢太 | F449: 御子柴賢太：小林千晃
A450: {=IF(B450="", "", IFERROR(INDEX(声優一覧!A:A, MATCH(B450, 声優一覧!B:B, 0)), "該当なし"))} -> va_225 | B450: =IFERROR(__xludf.DUMMYFUNCTION("""COMPUTED_VALUE"""),"石橋陽彩") -> 石橋陽彩 | C450: prli | D450: =IF(C450="", "", IFERROR(VLOOKUP(C450, 作品一覧!A:B, 2, FALSE), "該当なし")) -> Paradox Live | E450: =IFERROR(__xludf.DUMMYFUNCTION("""COMPUTED_VALUE"""),"ノア") -> ノア | F450: ノア：石橋陽彩
A451: {=IF(B451="", "", IFERROR(INDEX(声優一覧!A:A, MATCH(B451, 声優一覧!B:B, 0)), "該当なし"))} -> va_128 | B451: =IFERROR(__xludf.DUMMYFUNCTION("""COMPUTED_VALUE"""),"堂島颯人") -> 堂島颯人 | C451: prli | D451: =IF(C451="", "", IFERROR(VLOOKUP(C451, 作品一覧!A:B, 2, FALSE), "該当なし")) -> Paradox Live | E451: =IFERROR(__xludf.DUMMYFUNCTION("""COMPUTED_VALUE"""),"夜舟章杜") -> 夜舟章杜 | F451: 夜舟章杜：堂島颯人
A452: {=IF(B452="", "", IFERROR(INDEX(声優一覧!A:A, MATCH(B452, 声優一覧!B:B, 0)), "該当なし"))} -> va_131 | B452: =IFERROR(__xludf.DUMMYFUNCTION("""COMPUTED_VALUE"""),"豊永利行") -> 豊永利行 | C452: erri | D452: =IF(C452="", "", IFERROR(VLOOKUP(C452, 作品一覧!A:B, 2, FALSE), "該当なし")) -> エリオスライジングヒーローズ | E452: =IFERROR(__xludf.DUMMYFUNCTION("""COMPUTED_VALUE"""),"鳳アキラ") -> 鳳アキラ | F452: 鳳アキラ：豊永利行
A453: {=IF(B453="", "", IFERROR(INDEX(声優一覧!A:A, MATCH(B453, 声優一覧!B:B, 0)), "該当なし"))} -> va_081 | B453: =IFERROR(__xludf.DUMMYFUNCTION("""COMPUTED_VALUE"""),"近藤隆") -> 近藤隆 | C453: erri | D453: =IF(C453="", "", IFERROR(VLOOKUP(C453, 作品一覧!A:B, 2, FALSE), "該当なし")) -> エリオスライジングヒーローズ | E453: =IFERROR(__xludf.DUMMYFUNCTION("""COMPUTED_VALUE"""),"ウィル・スプラウト") -> ウィル・スプラウト | F453: ウィル・スプラウト：近藤隆
A454: {=IF(B454="", "", IFERROR(INDEX(声優一覧!A:A, MATCH(B454, 声優一覧!B:B, 0)), "該当なし"))} -> va_148 | B454: =IFERROR(__xludf.DUMMYFUNCTION("""COMPUTED_VALUE"""),"羽多野渉") -> 羽多野渉 | C454: erri | D454: =IF(C454="", "", IFERROR(VLOOKUP(C454, 作品一覧!A:B, 2, FALSE), "該当なし")) -> エリオスライジングヒーローズ | E454: =IFERROR(__xludf.DUMMYFUNCTION("""COMPUTED_VALUE"""),"ブラッド・ビームス") -> ブラッド・ビームス | F454: ブラッド・ビームス：羽多野渉
A455: {=IF(B455="", "", IFERROR(INDEX(声優一覧!A:A, MATCH(B455, 声優一覧!B:B, 0)), "該当なし"))} -> va_090 | B455: =IFERROR(__xludf.DUMMYFUNCTION("""COMPUTED_VALUE"""),"佐藤拓也") -> 佐藤拓也 | C455: erri | D455: =IF(C455="", "", IFERROR(VLOOKUP(C455, 作品一覧!A:B, 2, FALSE), "該当なし")) -> エリオスライジングヒーローズ | E455: =IFERROR(__xludf.DUMMYFUNCTION("""COMPUTED_VALUE"""),"オスカー・ベイル") -> オスカー・ベイル | F455: オスカー・ベイル：佐藤拓也
A456: {=IF(B456="", "", IFERROR(INDEX(声優一覧!A:A, MATCH(B456, 声優一覧!B:B, 0)), "該当なし"))} -> va_014 | B456: =IFERROR(__xludf.DUMMYFUNCTION("""COMPUTED_VALUE"""),"石谷春貴") -> 石谷春貴 | C456: erri | D456: =IF(C456="", "", IFERROR(VLOOKUP(C456, 作品一覧!A:B, 2, FALSE), "該当なし")) -> エリオスライジングヒーローズ | E456: =IFERROR(__xludf.DUMMYFUNCTION("""COMPUTED_VALUE"""),"如月レン") -> 如月レン | F456: 如月レン：石谷春貴
A457: {=IF(B457="", "", IFERROR(INDEX(声優一覧!A:A, MATCH(B457, 声優一覧!B:B, 0)), "該当なし"))} -> va_156 | B457: =IFERROR(__xludf.DUMMYFUNCTION("""COMPUTED_VALUE"""),"日野聡") -> 日野聡 | C457: erri | D457: =IF(C457="", "", IFERROR(VLOOKUP(C457, 作品一覧!A:B, 2, FALSE), "該当なし")) -> エリオスライジングヒーローズ | E457: =IFERROR(__xludf.DUMMYFUNCTION("""COMPUTED_VALUE"""),"ガスト・アドラー") -> ガスト・アドラー | F457: ガスト・アドラー：日野聡
A458: {=IF(B458="", "", IFERROR(INDEX(声優一覧!A:A, MATCH(B458, 声優一覧!B:B, 0)), "該当なし"))} -> va_102 | B458: =IFERROR(__xludf.DUMMYFUNCTION("""COMPUTED_VALUE"""),"諏訪部順一") -> 諏訪部順一 | C458: erri | D458: =IF(C458="", "", IFERROR(VLOOKUP(C458, 作品一覧!A:B, 2, FALSE), "該当なし")) -> エリオスライジングヒーローズ | E458: =IFERROR(__xludf.DUMMYFUNCTION("""COMPUTED_VALUE"""),"ヴィクター・ヴァレンタイン") -> ヴィクター・ヴァレンタイン | F458: ヴィクター・ヴァレンタイン：諏訪部順一
A459: {=IF(B459="", "", IFERROR(INDEX(声優一覧!A:A, MATCH(B459, 声優一覧!B:B, 0)), "該当なし"))} -> va_045 | B459: =IFERROR(__xludf.DUMMYFUNCTION("""COMPUTED_VALUE"""),"小野賢章") -> 小野賢章 | C459: erri | D459: =IF(C459="", "", IFERROR(VLOOKUP(C459, 作品一覧!A:B, 2, FALSE), "該当なし")) -> エリオスライジングヒーローズ | E459: =IFERROR(__xludf.DUMMYFUNCTION("""COMPUTED_VALUE"""),"マリオン・ブライス") -> マリオン・ブライス | F459: マリオン・ブライス：小野賢章
A460: {=IF(B460="", "", IFERROR(INDEX(声優一覧!A:A, MATCH(B460, 声優一覧!B:B, 0)), "該当なし"))} -> va_183 | B460: =IFERROR(__xludf.DUMMYFUNCTION("""COMPUTED_VALUE"""),"村瀬歩") -> 村瀬歩 | C460: erri | D460: =IF(C460="", "", IFERROR(VLOOKUP(C460, 作品一覧!A:B, 2, FALSE), "該当なし")) -> エリオスライジングヒーローズ | E460: =IFERROR(__xludf.DUMMYFUNCTION("""COMPUTED_VALUE"""),"レオナルド・ライト・Jr") -> レオナルド・ライト・Jr | F460: レオナルド・ライト・Jr：村瀬歩
A461: {=IF(B461="", "", IFERROR(INDEX(声優一覧!A:A, MATCH(B461, 声優一覧!B:B, 0)), "該当なし"))} -> va_226 | B461: =IFERROR(__xludf.DUMMYFUNCTION("""COMPUTED_VALUE"""),"ランズベリー・アーサー") -> ランズベリー・アーサー | C461: erri | D461: =IF(C461="", "", IFERROR(VLOOKUP(C461, 作品一覧!A:B, 2, FALSE), "該当なし")) -> エリオスライジングヒーローズ | E461: =IFERROR(__xludf.DUMMYFUNCTION("""COMPUTED_VALUE"""),"フェイス・ビームス") -> フェイス・ビームス | F461: フェイス・ビームス：ランズベリー・アーサー
A462: {=IF(B462="", "", IFERROR(INDEX(声優一覧!A:A, MATCH(B462, 声優一覧!B:B, 0)), "該当なし"))} -> va_120 | B462: =IFERROR(__xludf.DUMMYFUNCTION("""COMPUTED_VALUE"""),"津田健次郎") -> 津田健次郎 | C462: erri | D462: =IF(C462="", "", IFERROR(VLOOKUP(C462, 作品一覧!A:B, 2, FALSE), "該当なし")) -> エリオスライジングヒーローズ | E462: =IFERROR(__xludf.DUMMYFUNCTION("""COMPUTED_VALUE"""),"キース・マックス") -> キース・マックス | F462: キース・マックス：津田健次郎
A463: {=IF(B463="", "", IFERROR(INDEX(声優一覧!A:A, MATCH(B463, 声優一覧!B:B, 0)), "該当なし"))} -> va_227 | B463: =IFERROR(__xludf.DUMMYFUNCTION("""COMPUTED_VALUE"""),"鈴村健一") -> 鈴村健一 | C463: erri | D463: =IF(C463="", "", IFERROR(VLOOKUP(C463, 作品一覧!A:B, 2, FALSE), "該当なし")) -> エリオスライジングヒーローズ | E463: =IFERROR(__xludf.DUMMYFUNCTION("""COMPUTED_VALUE"""),"ディノ・アルバーニ") -> ディノ・アルバーニ | F463: ディノ・アルバーニ：鈴村健一
A464: {=IF(B464="", "", IFERROR(INDEX(声優一覧!A:A, MATCH(B464, 声優一覧!B:B, 0)), "該当なし"))} -> va_042 | B464: =IFERROR(__xludf.DUMMYFUNCTION("""COMPUTED_VALUE"""),"岡本信彦") -> 岡本信彦 | C464: erri | D464: =IF(C464="", "", IFERROR(VLOOKUP(C464, 作品一覧!A:B, 2, FALSE), "該当なし")) -> エリオスライジングヒーローズ | E464: =IFERROR(__xludf.DUMMYFUNCTION("""COMPUTED_VALUE"""),"グレイ・リヴァース") -> グレイ・リヴァース | F464: グレイ・リヴァース：岡本信彦
A465: {=IF(B465="", "", IFERROR(INDEX(声優一覧!A:A, MATCH(B465, 声優一覧!B:B, 0)), "該当なし"))} -> va_134 | B465: =IFERROR(__xludf.DUMMYFUNCTION("""COMPUTED_VALUE"""),"中島ヨシキ") -> 中島ヨシキ | C465: erri | D465: =IF(C465="", "", IFERROR(VLOOKUP(C465, 作品一覧!A:B, 2, FALSE), "該当なし")) -> エリオスライジングヒーローズ | E465: =IFERROR(__xludf.DUMMYFUNCTION("""COMPUTED_VALUE"""),"ビリー・ワイズ") -> ビリー・ワイズ | F465: ビリー・ワイズ：中島ヨシキ
A466: {=IF(B466="", "", IFERROR(INDEX(声優一覧!A:A, MATCH(B466, 声優一覧!B:B, 0)), "該当なし"))} -> va_064 | B466: =IFERROR(__xludf.DUMMYFUNCTION("""COMPUTED_VALUE"""),"木村昴") -> 木村昴 | C466: erri | D466: =IF(C466="", "", IFERROR(VLOOKUP(C466, 作品一覧!A:B, 2, FALSE), "該当なし")) -> エリオスライジングヒーローズ | E466: =IFERROR(__xludf.DUMMYFUNCTION("""COMPUTED_VALUE"""),"アッシュ・オルブライト") -> アッシュ・オルブライト | F466: アッシュ・オルブライト：木村昴
A467: {=IF(B467="", "", IFERROR(INDEX(声優一覧!A:A, MATCH(B467, 声優一覧!B:B, 0)), "該当なし"))} -> va_186 | B467: =IFERROR(__xludf.DUMMYFUNCTION("""COMPUTED_VALUE"""),"森川智之") -> 森川智之 | C467: erri | D467: =IF(C467="", "", IFERROR(VLOOKUP(C467, 作品一覧!A:B, 2, FALSE), "該当なし")) -> エリオスライジングヒーローズ | E467: =IFERROR(__xludf.DUMMYFUNCTION("""COMPUTED_VALUE"""),"ジェイ・キッドマン") -> ジェイ・キッドマン | F467: ジェイ・キッドマン：森川智之
A468: {=IF(B468="", "", IFERROR(INDEX(声優一覧!A:A, MATCH(B468, 声優一覧!B:B, 0)), "該当なし"))} -> va_075 | B468: =IFERROR(__xludf.DUMMYFUNCTION("""COMPUTED_VALUE"""),"小林裕介") -> 小林裕介 | C468: erri | D468: =IF(C468="", "", IFERROR(VLOOKUP(C468, 作品一覧!A:B, 2, FALSE), "該当なし")) -> エリオスライジングヒーローズ | E468: =IFERROR(__xludf.DUMMYFUNCTION("""COMPUTED_VALUE"""),"セイジ・スカイフォール") -> セイジ・スカイフォール | F468: セイジ・スカイフォール：小林裕介
A469: {=IF(B469="", "", IFERROR(INDEX(声優一覧!A:A, MATCH(B469, 声優一覧!B:B, 0)), "該当なし"))} -> va_166 | B469: =IFERROR(__xludf.DUMMYFUNCTION("""COMPUTED_VALUE"""),"堀江瞬") -> 堀江瞬 | C469: erri | D469: =IF(C469="", "", IFERROR(VLOOKUP(C469, 作品一覧!A:B, 2, FALSE), "該当なし")) -> エリオスライジングヒーローズ | E469: =IFERROR(__xludf.DUMMYFUNCTION("""COMPUTED_VALUE"""),"ニコ") -> ニコ | F469: ニコ：堀江瞬
A470: {=IF(B470="", "", IFERROR(INDEX(声優一覧!A:A, MATCH(B470, 声優一覧!B:B, 0)), "該当なし"))} -> va_101 | B470: =IFERROR(__xludf.DUMMYFUNCTION("""COMPUTED_VALUE"""),"鈴木崚汰") -> 鈴木崚汰 | C470: erri | D470: =IF(C470="", "", IFERROR(VLOOKUP(C470, 作品一覧!A:B, 2, FALSE), "該当なし")) -> エリオスライジングヒーローズ | E470: =IFERROR(__xludf.DUMMYFUNCTION("""COMPUTED_VALUE"""),"ジュード・アレス") -> ジュード・アレス | F470: ジュード・アレス：鈴木崚汰
A471: {=IF(B471="", "", IFERROR(INDEX(声優一覧!A:A, MATCH(B471, 声優一覧!B:B, 0)), "該当なし"))} -> va_117 | B471: =IFERROR(__xludf.DUMMYFUNCTION("""COMPUTED_VALUE"""),"田丸篤志") -> 田丸篤志 | C471: erri | D471: =IF(C471="", "", IFERROR(VLOOKUP(C471, 作品一覧!A:B, 2, FALSE), "該当なし")) -> エリオスライジングヒーローズ | E471: =IFERROR(__xludf.DUMMYFUNCTION("""COMPUTED_VALUE"""),"ビアンキ・ロウ") -> ビアンキ・ロウ | F471: ビアンキ・ロウ：田丸篤志
A472: {=IF(B472="", "", IFERROR(INDEX(声優一覧!A:A, MATCH(B472, 声優一覧!B:B, 0)), "該当なし"))} -> va_051 | B472: =IFERROR(__xludf.DUMMYFUNCTION("""COMPUTED_VALUE"""),"梶裕貴") -> 梶裕貴 | C472: tkpr | D472: =IF(C472="", "", IFERROR(VLOOKUP(C472, 作品一覧!A:B, 2, FALSE), "該当なし")) -> ツキプロ | E472: =IFERROR(__xludf.DUMMYFUNCTION("""COMPUTED_VALUE"""),"師走駆") -> 師走駆 | F472: 師走駆：梶裕貴
A473: {=IF(B473="", "", IFERROR(INDEX(声優一覧!A:A, MATCH(B473, 声優一覧!B:B, 0)), "該当なし"))} -> va_132 | B473: =IFERROR(__xludf.DUMMYFUNCTION("""COMPUTED_VALUE"""),"鳥海浩輔") -> 鳥海浩輔 | C473: tkpr | D473: =IF(C473="", "", IFERROR(VLOOKUP(C473, 作品一覧!A:B, 2, FALSE), "該当なし")) -> ツキプロ | E473: =IFERROR(__xludf.DUMMYFUNCTION("""COMPUTED_VALUE"""),"睦月始") -> 睦月始 | F473: 睦月始：鳥海浩輔
A474: {=IF(B474="", "", IFERROR(INDEX(声優一覧!A:A, MATCH(B474, 声優一覧!B:B, 0)), "該当なし"))} -> va_172 | B474: =IFERROR(__xludf.DUMMYFUNCTION("""COMPUTED_VALUE"""),"増田俊樹") -> 増田俊樹 | C474: tkpr | D474: =IF(C474="", "", IFERROR(VLOOKUP(C474, 作品一覧!A:B, 2, FALSE), "該当なし")) -> ツキプロ | E474: =IFERROR(__xludf.DUMMYFUNCTION("""COMPUTED_VALUE"""),"如月恋") -> 如月恋 | F474: 如月恋：増田俊樹
A475: {=IF(B475="", "", IFERROR(INDEX(声優一覧!A:A, MATCH(B475, 声優一覧!B:B, 0)), "該当なし"))} -> va_169 | B475: =IFERROR(__xludf.DUMMYFUNCTION("""COMPUTED_VALUE"""),"前野智昭") -> 前野智昭 | C475: tkpr | D475: =IF(C475="", "", IFERROR(VLOOKUP(C475, 作品一覧!A:B, 2, FALSE), "該当なし")) -> ツキプロ | E475: =IFERROR(__xludf.DUMMYFUNCTION("""COMPUTED_VALUE"""),"弥生春") -> 弥生春 | F475: 弥生春：前野智昭
A476: {=IF(B476="", "", IFERROR(INDEX(声優一覧!A:A, MATCH(B476, 声優一覧!B:B, 0)), "該当なし"))} -> va_164 | B476: =IFERROR(__xludf.DUMMYFUNCTION("""COMPUTED_VALUE"""),"細谷佳正") -> 細谷佳正 | C476: tkpr | D476: =IF(C476="", "", IFERROR(VLOOKUP(C476, 作品一覧!A:B, 2, FALSE), "該当なし")) -> ツキプロ | E476: =IFERROR(__xludf.DUMMYFUNCTION("""COMPUTED_VALUE"""),"卯月新") -> 卯月新 | F476: 卯月新：細谷佳正
A477: {=IF(B477="", "", IFERROR(INDEX(声優一覧!A:A, MATCH(B477, 声優一覧!B:B, 0)), "該当なし"))} -> va_200 | B477: =IFERROR(__xludf.DUMMYFUNCTION("""COMPUTED_VALUE"""),"KENN") -> KENN | C477: tkpr | D477: =IF(C477="", "", IFERROR(VLOOKUP(C477, 作品一覧!A:B, 2, FALSE), "該当なし")) -> ツキプロ | E477: =IFERROR(__xludf.DUMMYFUNCTION("""COMPUTED_VALUE"""),"皐月葵") -> 皐月葵 | F477: 皐月葵：KENN
A478: {=IF(B478="", "", IFERROR(INDEX(声優一覧!A:A, MATCH(B478, 声優一覧!B:B, 0)), "該当なし"))} -> va_009 | B478: =IFERROR(__xludf.DUMMYFUNCTION("""COMPUTED_VALUE"""),"蒼井翔太") -> 蒼井翔太 | C478: tkpr | D478: =IF(C478="", "", IFERROR(VLOOKUP(C478, 作品一覧!A:B, 2, FALSE), "該当なし")) -> ツキプロ | E478: =IFERROR(__xludf.DUMMYFUNCTION("""COMPUTED_VALUE"""),"水無月涙") -> 水無月涙 | F478: 水無月涙：蒼井翔太
A479: {=IF(B479="", "", IFERROR(INDEX(声優一覧!A:A, MATCH(B479, 声優一覧!B:B, 0)), "該当なし"))} -> va_148 | B479: =IFERROR(__xludf.DUMMYFUNCTION("""COMPUTED_VALUE"""),"羽多野渉") -> 羽多野渉 | C479: tkpr | D479: =IF(C479="", "", IFERROR(VLOOKUP(C479, 作品一覧!A:B, 2, FALSE), "該当なし")) -> ツキプロ | E479: =IFERROR(__xludf.DUMMYFUNCTION("""COMPUTED_VALUE"""),"文月海") -> 文月海 | F479: 文月海：羽多野渉
A480: {=IF(B480="", "", IFERROR(INDEX(声優一覧!A:A, MATCH(B480, 声優一覧!B:B, 0)), "該当なし"))} -> va_048 | B480: =IFERROR(__xludf.DUMMYFUNCTION("""COMPUTED_VALUE"""),"柿原徹也") -> 柿原徹也 | C480: tkpr | D480: =IF(C480="", "", IFERROR(VLOOKUP(C480, 作品一覧!A:B, 2, FALSE), "該当なし")) -> ツキプロ | E480: =IFERROR(__xludf.DUMMYFUNCTION("""COMPUTED_VALUE"""),"葉月陽") -> 葉月陽 | F480: 葉月陽：柿原徹也
A481: {=IF(B481="", "", IFERROR(INDEX(声優一覧!A:A, MATCH(B481, 声優一覧!B:B, 0)), "該当なし"))} -> va_081 | B481: =IFERROR(__xludf.DUMMYFUNCTION("""COMPUTED_VALUE"""),"近藤隆") -> 近藤隆 | C481: tkpr | D481: =IF(C481="", "", IFERROR(VLOOKUP(C481, 作品一覧!A:B, 2, FALSE), "該当なし")) -> ツキプロ | E481: =IFERROR(__xludf.DUMMYFUNCTION("""COMPUTED_VALUE"""),"長月夜") -> 長月夜 | F481: 長月夜：近藤隆
A482: {=IF(B482="", "", IFERROR(INDEX(声優一覧!A:A, MATCH(B482, 声優一覧!B:B, 0)), "該当なし"))} -> va_045 | B482: =IFERROR(__xludf.DUMMYFUNCTION("""COMPUTED_VALUE"""),"小野賢章") -> 小野賢章 | C482: tkpr | D482: =IF(C482="", "", IFERROR(VLOOKUP(C482, 作品一覧!A:B, 2, FALSE), "該当なし")) -> ツキプロ | E482: =IFERROR(__xludf.DUMMYFUNCTION("""COMPUTED_VALUE"""),"神無月郁") -> 神無月郁 | F482: 神無月郁：小野賢章
A483: {=IF(B483="", "", IFERROR(INDEX(声優一覧!A:A, MATCH(B483, 声優一覧!B:B, 0)), "該当なし"))} -> va_066 | B483: =IFERROR(__xludf.DUMMYFUNCTION("""COMPUTED_VALUE"""),"木村良平") -> 木村良平 | C483: tkpr | D483: =IF(C483="", "", IFERROR(VLOOKUP(C483, 作品一覧!A:B, 2, FALSE), "該当なし")) -> ツキプロ | E483: =IFERROR(__xludf.DUMMYFUNCTION("""COMPUTED_VALUE"""),"霜月隼") -> 霜月隼 | F483: 霜月隼：木村良平
A484: {=IF(B484="", "", IFERROR(INDEX(声優一覧!A:A, MATCH(B484, 声優一覧!B:B, 0)), "該当なし"))} -> va_131 | B484: =IFERROR(__xludf.DUMMYFUNCTION("""COMPUTED_VALUE"""),"豊永利行") -> 豊永利行 | C484: tkpr | D484: =IF(C484="", "", IFERROR(VLOOKUP(C484, 作品一覧!A:B, 2, FALSE), "該当なし")) -> ツキプロ | E484: =IFERROR(__xludf.DUMMYFUNCTION("""COMPUTED_VALUE"""),"大原空") -> 大原空 | F484: 大原空：豊永利行
A485: {=IF(B485="", "", IFERROR(INDEX(声優一覧!A:A, MATCH(B485, 声優一覧!B:B, 0)), "該当なし"))} -> va_046 | B485: =IFERROR(__xludf.DUMMYFUNCTION("""COMPUTED_VALUE"""),"小野友樹") -> 小野友樹 | C485: tkpr | D485: =IF(C485="", "", IFERROR(VLOOKUP(C485, 作品一覧!A:B, 2, FALSE), "該当なし")) -> ツキプロ | E485: =IFERROR(__xludf.DUMMYFUNCTION("""COMPUTED_VALUE"""),"在原守人") -> 在原守人 | F485: 在原守人：小野友樹
A486: {=IF(B486="", "", IFERROR(INDEX(声優一覧!A:A, MATCH(B486, 声優一覧!B:B, 0)), "該当なし"))} -> va_161 | B486: =IFERROR(__xludf.DUMMYFUNCTION("""COMPUTED_VALUE"""),"古川慎") -> 古川慎 | C486: tkpr | D486: =IF(C486="", "", IFERROR(VLOOKUP(C486, 作品一覧!A:B, 2, FALSE), "該当なし")) -> ツキプロ | E486: =IFERROR(__xludf.DUMMYFUNCTION("""COMPUTED_VALUE"""),"神楽坂宗司") -> 神楽坂宗司 | F486: 神楽坂宗司：古川慎
A487: {=IF(B487="", "", IFERROR(INDEX(声優一覧!A:A, MATCH(B487, 声優一覧!B:B, 0)), "該当なし"))} -> va_184 | B487: =IFERROR(__xludf.DUMMYFUNCTION("""COMPUTED_VALUE"""),"村田太志") -> 村田太志 | C487: tkpr | D487: =IF(C487="", "", IFERROR(VLOOKUP(C487, 作品一覧!A:B, 2, FALSE), "該当なし")) -> ツキプロ | E487: =IFERROR(__xludf.DUMMYFUNCTION("""COMPUTED_VALUE"""),"宗像廉") -> 宗像廉 | F487: 宗像廉：村田太志
A488: {=IF(B488="", "", IFERROR(INDEX(声優一覧!A:A, MATCH(B488, 声優一覧!B:B, 0)), "該当なし"))} -> va_092 | B488: =IFERROR(__xludf.DUMMYFUNCTION("""COMPUTED_VALUE"""),"沢城千春") -> 沢城千春 | C488: tkpr | D488: =IF(C488="", "", IFERROR(VLOOKUP(C488, 作品一覧!A:B, 2, FALSE), "該当なし")) -> ツキプロ | E488: =IFERROR(__xludf.DUMMYFUNCTION("""COMPUTED_VALUE"""),"七瀬望") -> 七瀬望 | F488: 七瀬望：沢城千春
A489: {=IF(B489="", "", IFERROR(INDEX(声優一覧!A:A, MATCH(B489, 声優一覧!B:B, 0)), "該当なし"))} -> va_129 | B489: =IFERROR(__xludf.DUMMYFUNCTION("""COMPUTED_VALUE"""),"土岐隼一") -> 土岐隼一 | C489: tkpr | D489: =IF(C489="", "", IFERROR(VLOOKUP(C489, 作品一覧!A:B, 2, FALSE), "該当なし")) -> ツキプロ | E489: =IFERROR(__xludf.DUMMYFUNCTION("""COMPUTED_VALUE"""),"衛藤昂輝") -> 衛藤昂輝 | F489: 衛藤昂輝：土岐隼一
A490: {=IF(B490="", "", IFERROR(INDEX(声優一覧!A:A, MATCH(B490, 声優一覧!B:B, 0)), "該当なし"))} -> va_196 | B490: =IFERROR(__xludf.DUMMYFUNCTION("""COMPUTED_VALUE"""),"山谷祥生") -> 山谷祥生 | C490: tkpr | D490: =IF(C490="", "", IFERROR(VLOOKUP(C490, 作品一覧!A:B, 2, FALSE), "該当なし")) -> ツキプロ | E490: =IFERROR(__xludf.DUMMYFUNCTION("""COMPUTED_VALUE"""),"八重樫剣介") -> 八重樫剣介 | F490: 八重樫剣介：山谷祥生
A491: {=IF(B491="", "", IFERROR(INDEX(声優一覧!A:A, MATCH(B491, 声優一覧!B:B, 0)), "該当なし"))} -> va_193 | B491: =IFERROR(__xludf.DUMMYFUNCTION("""COMPUTED_VALUE"""),"山下大輝") -> 山下大輝 | C491: tkpr | D491: =IF(C491="", "", IFERROR(VLOOKUP(C491, 作品一覧!A:B, 2, FALSE), "該当なし")) -> ツキプロ | E491: =IFERROR(__xludf.DUMMYFUNCTION("""COMPUTED_VALUE"""),"桜庭涼太") -> 桜庭涼太 | F491: 桜庭涼太：山下大輝
A492: {=IF(B492="", "", IFERROR(INDEX(声優一覧!A:A, MATCH(B492, 声優一覧!B:B, 0)), "該当なし"))} -> va_124 | B492: =IFERROR(__xludf.DUMMYFUNCTION("""COMPUTED_VALUE"""),"寺島惇太") -> 寺島惇太 | C492: tkpr | D492: =IF(C492="", "", IFERROR(VLOOKUP(C492, 作品一覧!A:B, 2, FALSE), "該当なし")) -> ツキプロ | E492: =IFERROR(__xludf.DUMMYFUNCTION("""COMPUTED_VALUE"""),"藤村衛") -> 藤村衛 | F492: 藤村衛：寺島惇太
A493: {=IF(B493="", "", IFERROR(INDEX(声優一覧!A:A, MATCH(B493, 声優一覧!B:B, 0)), "該当なし"))} -> va_035 | B493: =IFERROR(__xludf.DUMMYFUNCTION("""COMPUTED_VALUE"""),"江口拓也") -> 江口拓也 | C493: tkpr | D493: =IF(C493="", "", IFERROR(VLOOKUP(C493, 作品一覧!A:B, 2, FALSE), "該当なし")) -> ツキプロ | E493: =IFERROR(__xludf.DUMMYFUNCTION("""COMPUTED_VALUE"""),"篁志季") -> 篁志季 | F493: 篁志季：江口拓也
A494: {=IF(B494="", "", IFERROR(INDEX(声優一覧!A:A, MATCH(B494, 声優一覧!B:B, 0)), "該当なし"))} -> va_083 | B494: =IFERROR(__xludf.DUMMYFUNCTION("""COMPUTED_VALUE"""),"斉藤壮馬") -> 斉藤壮馬 | C494: tkpr | D494: =IF(C494="", "", IFERROR(VLOOKUP(C494, 作品一覧!A:B, 2, FALSE), "該当なし")) -> ツキプロ | E494: =IFERROR(__xludf.DUMMYFUNCTION("""COMPUTED_VALUE"""),"奥井翼") -> 奥井翼 | F494: 奥井翼：斉藤壮馬
A495: {=IF(B495="", "", IFERROR(INDEX(声優一覧!A:A, MATCH(B495, 声優一覧!B:B, 0)), "該当なし"))} -> va_150 | B495: =IFERROR(__xludf.DUMMYFUNCTION("""COMPUTED_VALUE"""),"花江夏樹") -> 花江夏樹 | C495: tkpr | D495: =IF(C495="", "", IFERROR(VLOOKUP(C495, 作品一覧!A:B, 2, FALSE), "該当なし")) -> ツキプロ | E495: =IFERROR(__xludf.DUMMYFUNCTION("""COMPUTED_VALUE"""),"世良里津花") -> 世良里津花 | F495: 世良里津花：花江夏樹
A496: {=IF(B496="", "", IFERROR(INDEX(声優一覧!A:A, MATCH(B496, 声優一覧!B:B, 0)), "該当なし"))} -> va_033 | B496: =IFERROR(__xludf.DUMMYFUNCTION("""COMPUTED_VALUE"""),"梅原裕一郎") -> 梅原裕一郎 | C496: tkpr | D496: =IF(C496="", "", IFERROR(VLOOKUP(C496, 作品一覧!A:B, 2, FALSE), "該当なし")) -> ツキプロ | E496: =IFERROR(__xludf.DUMMYFUNCTION("""COMPUTED_VALUE"""),"村瀬大") -> 村瀬大 | F496: 村瀬大：梅原裕一郎
A497: {=IF(B497="", "", IFERROR(INDEX(声優一覧!A:A, MATCH(B497, 声優一覧!B:B, 0)), "該当なし"))} -> va_112 | B497: =IFERROR(__xludf.DUMMYFUNCTION("""COMPUTED_VALUE"""),"武内駿輔") -> 武内駿輔 | C497: tkpr | D497: =IF(C497="", "", IFERROR(VLOOKUP(C497, 作品一覧!A:B, 2, FALSE), "該当なし")) -> ツキプロ | E497: =IFERROR(__xludf.DUMMYFUNCTION("""COMPUTED_VALUE"""),"和泉柊羽") -> 和泉柊羽 | F497: 和泉柊羽：武内駿輔
A498: {=IF(B498="", "", IFERROR(INDEX(声優一覧!A:A, MATCH(B498, 声優一覧!B:B, 0)), "該当なし"))} -> va_141 | B498: =IFERROR(__xludf.DUMMYFUNCTION("""COMPUTED_VALUE"""),"西山宏太朗") -> 西山宏太朗 | C498: tkpr | D498: =IF(C498="", "", IFERROR(VLOOKUP(C498, 作品一覧!A:B, 2, FALSE), "該当なし")) -> ツキプロ | E498: =IFERROR(__xludf.DUMMYFUNCTION("""COMPUTED_VALUE"""),"堀宮英知") -> 堀宮英知 | F498: 堀宮英知：西山宏太朗
A499: {=IF(B499="", "", IFERROR(INDEX(声優一覧!A:A, MATCH(B499, 声優一覧!B:B, 0)), "該当なし"))} -> va_135 | B499: =IFERROR(__xludf.DUMMYFUNCTION("""COMPUTED_VALUE"""),"仲村宗悟") -> 仲村宗悟 | C499: tkpr | D499: =IF(C499="", "", IFERROR(VLOOKUP(C499, 作品一覧!A:B, 2, FALSE), "該当なし")) -> ツキプロ | E499: =IFERROR(__xludf.DUMMYFUNCTION("""COMPUTED_VALUE"""),"久我壱星") -> 久我壱星 | F499: 久我壱星：仲村宗悟
A500: {=IF(B500="", "", IFERROR(INDEX(声優一覧!A:A, MATCH(B500, 声優一覧!B:B, 0)), "該当なし"))} -> va_142 | B500: =IFERROR(__xludf.DUMMYFUNCTION("""COMPUTED_VALUE"""),"野上翔") -> 野上翔 | C500: tkpr | D500: =IF(C500="", "", IFERROR(VLOOKUP(C500, 作品一覧!A:B, 2, FALSE), "該当なし")) -> ツキプロ | E500: =IFERROR(__xludf.DUMMYFUNCTION("""COMPUTED_VALUE"""),"久我壱流") -> 久我壱流 | F500: 久我壱流：野上翔
A501: {=IF(B501="", "", IFERROR(INDEX(声優一覧!A:A, MATCH(B501, 声優一覧!B:B, 0)), "該当なし"))} -> va_094 | B501: =IFERROR(__xludf.DUMMYFUNCTION("""COMPUTED_VALUE"""),"島﨑信長") -> 島﨑信長 | C501: tkpr | D501: =IF(C501="", "", IFERROR(VLOOKUP(C501, 作品一覧!A:B, 2, FALSE), "該当なし")) -> ツキプロ | E501: =IFERROR(__xludf.DUMMYFUNCTION("""COMPUTED_VALUE"""),"グリ") -> グリ | F501: グリ：島﨑信長
A502: {=IF(B502="", "", IFERROR(INDEX(声優一覧!A:A, MATCH(B502, 声優一覧!B:B, 0)), "該当なし"))} -> va_157 | B502: =IFERROR(__xludf.DUMMYFUNCTION("""COMPUTED_VALUE"""),"平川大輔") -> 平川大輔 | C502: tkpr | D502: =IF(C502="", "", IFERROR(VLOOKUP(C502, 作品一覧!A:B, 2, FALSE), "該当なし")) -> ツキプロ | E502: =IFERROR(__xludf.DUMMYFUNCTION("""COMPUTED_VALUE"""),"ビスJr.") -> ビスJr. | F502: ビスJr.：平川大輔
...

Sheet ソート用
A1: モード | B1: 作品から選ぶ
A2: 作品名 | B2: ディア♥ヴォーカリスト
A4: キャラクター名 | B4: 声優名
A5: =IFERROR(__xludf.DUMMYFUNCTION("IFERROR(FILTER('キャラクター名'!E2:E1000,'キャラクター名'!D2:D1000= B2),"""")"),"ノエ") -> ノエ | B5: =IFERROR(__xludf.DUMMYFUNCTION("IFERROR(FILTER('キャラクター名'!B2:B1000,'キャラクター名'!D2:D1000=B2),"""")"),"上村祐翔") -> 上村祐翔
A6: =IFERROR(__xludf.DUMMYFUNCTION("""COMPUTED_VALUE"""),"レオード") -> レオード | B6: =IFERROR(__xludf.DUMMYFUNCTION("""COMPUTED_VALUE"""),"増田俊樹") -> 増田俊樹
A7: =IFERROR(__xludf.DUMMYFUNCTION("""COMPUTED_VALUE"""),"シンバ") -> シンバ | B7: =IFERROR(__xludf.DUMMYFUNCTION("""COMPUTED_VALUE"""),"八代拓") -> 八代拓
A8: =IFERROR(__xludf.DUMMYFUNCTION("""COMPUTED_VALUE"""),"トーマ") -> トーマ | B8: =IFERROR(__xludf.DUMMYFUNCTION("""COMPUTED_VALUE"""),"武内駿輔") -> 武内駿輔
A9: =IFERROR(__xludf.DUMMYFUNCTION("""COMPUTED_VALUE"""),"シックス") -> シックス | B9: =IFERROR(__xludf.DUMMYFUNCTION("""COMPUTED_VALUE"""),"立花慎之介") -> 立花慎之介
A10: =IFERROR(__xludf.DUMMYFUNCTION("""COMPUTED_VALUE"""),"エーダッシュ") -> エーダッシュ | B10: =IFERROR(__xludf.DUMMYFUNCTION("""COMPUTED_VALUE"""),"木村良平") -> 木村良平
A11: =IFERROR(__xludf.DUMMYFUNCTION("""COMPUTED_VALUE"""),"ナイトメア") -> ナイトメア | B11: =IFERROR(__xludf.DUMMYFUNCTION("""COMPUTED_VALUE"""),"田丸篤志") -> 田丸篤志
A12: =IFERROR(__xludf.DUMMYFUNCTION("""COMPUTED_VALUE"""),"ジン") -> ジン | B12: =IFERROR(__xludf.DUMMYFUNCTION("""COMPUTED_VALUE"""),"寺島惇太") -> 寺島惇太
A13: =IFERROR(__xludf.DUMMYFUNCTION("""COMPUTED_VALUE"""),"カイト") -> カイト | B13: =IFERROR(__xludf.DUMMYFUNCTION("""COMPUTED_VALUE"""),"小林裕介") -> 小林裕介
A14: =IFERROR(__xludf.DUMMYFUNCTION("""COMPUTED_VALUE"""),"ユゥ") -> ユゥ | B14: =IFERROR(__xludf.DUMMYFUNCTION("""COMPUTED_VALUE"""),"花江夏樹") -> 花江夏樹
A15: =IFERROR(__xludf.DUMMYFUNCTION("""COMPUTED_VALUE"""),"コーシ") -> コーシ | B15: =IFERROR(__xludf.DUMMYFUNCTION("""COMPUTED_VALUE"""),"榎木淳弥") -> 榎木淳弥
A16: =IFERROR(__xludf.DUMMYFUNCTION("""COMPUTED_VALUE"""),"シモン") -> シモン | B16: =IFERROR(__xludf.DUMMYFUNCTION("""COMPUTED_VALUE"""),"石川界人") -> 石川界人
A17: =IFERROR(__xludf.DUMMYFUNCTION("""COMPUTED_VALUE"""),"ジュダ") -> ジュダ | B17: =IFERROR(__xludf.DUMMYFUNCTION("""COMPUTED_VALUE"""),"斉藤壮馬") -> 斉藤壮馬
A18: =IFERROR(__xludf.DUMMYFUNCTION("""COMPUTED_VALUE"""),"シズル") -> シズル | B18: =IFERROR(__xludf.DUMMYFUNCTION("""COMPUTED_VALUE"""),"山谷祥生") -> 山谷祥生
A19: =IFERROR(__xludf.DUMMYFUNCTION("""COMPUTED_VALUE"""),"オーギ") -> オーギ | B19: =IFERROR(__xludf.DUMMYFUNCTION("""COMPUTED_VALUE"""),"古川慎") -> 古川慎
A20: =IFERROR(__xludf.DUMMYFUNCTION("""COMPUTED_VALUE"""),"モモチ") -> モモチ | B20: =IFERROR(__xludf.DUMMYFUNCTION("""COMPUTED_VALUE"""),"豊永利行") -> 豊永利行
A21: =IFERROR(__xludf.DUMMYFUNCTION("""COMPUTED_VALUE"""),"アマ") -> アマ | B21: =IFERROR(__xludf.DUMMYFUNCTION("""COMPUTED_VALUE"""),"河西健吾") -> 河西健吾
A22: =IFERROR(__xludf.DUMMYFUNCTION("""COMPUTED_VALUE"""),"ヤマト") -> ヤマト | B22: =IFERROR(__xludf.DUMMYFUNCTION("""COMPUTED_VALUE"""),"土岐隼一") -> 土岐隼一
A23: =IFERROR(__xludf.DUMMYFUNCTION("""COMPUTED_VALUE"""),"ソータ") -> ソータ | B23: =IFERROR(__xludf.DUMMYFUNCTION("""COMPUTED_VALUE"""),"永塚拓馬") -> 永塚拓馬
A24: =IFERROR(__xludf.DUMMYFUNCTION("""COMPUTED_VALUE"""),"マツ") -> マツ | B24: =IFERROR(__xludf.DUMMYFUNCTION("""COMPUTED_VALUE"""),"小林千晃") -> 小林千晃
A25: =IFERROR(__xludf.DUMMYFUNCTION("""COMPUTED_VALUE"""),"ヨシュア") -> ヨシュア | B25: =IFERROR(__xludf.DUMMYFUNCTION("""COMPUTED_VALUE"""),"島﨑信長") -> 島﨑信長
A26: =IFERROR(__xludf.DUMMYFUNCTION("""COMPUTED_VALUE"""),"ユキ") -> ユキ | B26: =IFERROR(__xludf.DUMMYFUNCTION("""COMPUTED_VALUE"""),"柿原徹也") -> 柿原徹也
A27: =IFERROR(__xludf.DUMMYFUNCTION("""COMPUTED_VALUE"""),"シエル") -> シエル | B27: =IFERROR(__xludf.DUMMYFUNCTION("""COMPUTED_VALUE"""),"KENN") -> KENN
A28: =IFERROR(__xludf.DUMMYFUNCTION("""COMPUTED_VALUE"""),"ヨハネ") -> ヨハネ | B28: =IFERROR(__xludf.DUMMYFUNCTION("""COMPUTED_VALUE"""),"ランズベリー・アーサー") -> ランズベリー・アーサー
A29: =IFERROR(__xludf.DUMMYFUNCTION("""COMPUTED_VALUE"""),"アイス") -> アイス | B29: =IFERROR(__xludf.DUMMYFUNCTION("""COMPUTED_VALUE"""),"大河元気") -> 大河元気
A30: =IFERROR(__xludf.DUMMYFUNCTION("""COMPUTED_VALUE"""),"レヴェリー") -> レヴェリー | B30: =IFERROR(__xludf.DUMMYFUNCTION("""COMPUTED_VALUE"""),"前野智昭") -> 前野智昭
A31: =IFERROR(__xludf.DUMMYFUNCTION("""COMPUTED_VALUE"""),"ルカ") -> ルカ | B31: =IFERROR(__xludf.DUMMYFUNCTION("""COMPUTED_VALUE"""),"蒼井翔太") -> 蒼井翔太
